target_word,target_group,attribute_word,attribute_group,cosine_similarity
adam,X,caress,A,0.39713037
adam,X,freedom,A,0.47555014
adam,X,health,A,0.3125586
adam,X,love,A,0.4228421
adam,X,peace,A,0.4265594
adam,X,cheer,A,0.39957952
adam,X,friend,A,0.32671127
adam,X,heaven,A,0.51071084
adam,X,loyal,A,0.35162064
adam,X,pleasure,A,0.3941458
adam,X,diamond,A,0.44298992
adam,X,gentle,A,0.35460228
adam,X,honest,A,0.37779638
adam,X,lucky,A,0.42159575
adam,X,rainbow,A,0.3962202
adam,X,diploma,A,0.38781625
adam,X,gift,A,0.39145342
adam,X,honor,A,0.39958107
adam,X,miracle,A,0.4631365
adam,X,sunrise,A,0.5077007
adam,X,family,A,0.324191
adam,X,happy,A,0.41031283
adam,X,laughter,A,0.42058343
adam,X,paradise,A,0.47231853
adam,X,vacation,A,0.40596855
adam,X,abuse,B,0.35361245
adam,X,crash,B,0.41800445
adam,X,filth,B,0.36352384
adam,X,murder,B,0.43455464
adam,X,sickness,B,0.4074871
adam,X,accident,B,0.40800798
adam,X,death,B,0.42973962
adam,X,grief,B,0.36762953
adam,X,poison,B,0.37988722
adam,X,stink,B,0.28067958
adam,X,assault,B,0.47335964
adam,X,disaster,B,0.40904093
adam,X,hatred,B,0.35029644
adam,X,pollute,B,0.29960477
adam,X,tragedy,B,0.3629453
adam,X,divorce,B,0.4133169
adam,X,jail,B,0.3665026
adam,X,poverty,B,0.3587544
adam,X,ugly,B,0.36822385
adam,X,cancer,B,0.30297983
adam,X,kill,B,0.34465414
adam,X,rotten,B,0.3538863
adam,X,vomit,B,0.34228414
adam,X,agony,B,0.36273792
adam,X,prison,B,0.4713891
chip,X,caress,A,0.36090943
chip,X,freedom,A,0.3464318
chip,X,health,A,0.37545803
chip,X,love,A,0.32988232
chip,X,peace,A,0.3046587
chip,X,cheer,A,0.39431638
chip,X,friend,A,0.4462552
chip,X,heaven,A,0.36748266
chip,X,loyal,A,0.46955657
chip,X,pleasure,A,0.33498055
chip,X,diamond,A,0.46815628
chip,X,gentle,A,0.35458684
chip,X,honest,A,0.3258714
chip,X,lucky,A,0.46289206
chip,X,rainbow,A,0.43241742
chip,X,diploma,A,0.3742571
chip,X,gift,A,0.41117772
chip,X,honor,A,0.37166947
chip,X,miracle,A,0.4875989
chip,X,sunrise,A,0.34119606
chip,X,family,A,0.39233327
chip,X,happy,A,0.3594045
chip,X,laughter,A,0.3215114
chip,X,paradise,A,0.36671293
chip,X,vacation,A,0.37653363
chip,X,abuse,B,0.3558345
chip,X,crash,B,0.58050203
chip,X,filth,B,0.27965236
chip,X,murder,B,0.34277785
chip,X,sickness,B,0.36107105
chip,X,accident,B,0.37100682
chip,X,death,B,0.31823313
chip,X,grief,B,0.28833872
chip,X,poison,B,0.40618023
chip,X,stink,B,0.3307698
chip,X,assault,B,0.39149395
chip,X,disaster,B,0.37403136
chip,X,hatred,B,0.27798977
chip,X,pollute,B,0.28065687
chip,X,tragedy,B,0.34395182
chip,X,divorce,B,0.3351375
chip,X,jail,B,0.36152816
chip,X,poverty,B,0.32362866
chip,X,ugly,B,0.28264472
chip,X,cancer,B,0.38062185
chip,X,kill,B,0.38851273
chip,X,rotten,B,0.3317697
chip,X,vomit,B,0.29124892
chip,X,agony,B,0.2764794
chip,X,prison,B,0.34560046
harry,X,caress,A,0.38782632
harry,X,freedom,A,0.38085812
harry,X,health,A,0.43404588
harry,X,love,A,0.42843252
harry,X,peace,A,0.39175874
harry,X,cheer,A,0.38087517
harry,X,friend,A,0.45656592
harry,X,heaven,A,0.31050605
harry,X,loyal,A,0.4863751
harry,X,pleasure,A,0.3116334
harry,X,diamond,A,0.4368797
harry,X,gentle,A,0.39111233
harry,X,honest,A,0.34551135
harry,X,lucky,A,0.40365648
harry,X,rainbow,A,0.3945227
harry,X,diploma,A,0.39401183
harry,X,gift,A,0.39264065
harry,X,honor,A,0.39871353
harry,X,miracle,A,0.38517365
harry,X,sunrise,A,0.3625508
harry,X,family,A,0.3833912
harry,X,happy,A,0.36151153
harry,X,laughter,A,0.4141861
harry,X,paradise,A,0.35350305
harry,X,vacation,A,0.33278173
harry,X,abuse,B,0.3911557
harry,X,crash,B,0.41366246
harry,X,filth,B,0.1923058
harry,X,murder,B,0.43731147
harry,X,sickness,B,0.3914496
harry,X,accident,B,0.3448697
harry,X,death,B,0.33249548
harry,X,grief,B,0.3187862
harry,X,poison,B,0.48744062
harry,X,stink,B,0.3855978
harry,X,assault,B,0.4451207
harry,X,disaster,B,0.32800847
harry,X,hatred,B,0.32943308
harry,X,pollute,B,0.2602623
harry,X,tragedy,B,0.32985938
harry,X,divorce,B,0.35613143
harry,X,jail,B,0.31883046
harry,X,poverty,B,0.31649858
harry,X,ugly,B,0.25575295
harry,X,cancer,B,0.30102983
harry,X,kill,B,0.3949129
harry,X,rotten,B,0.32485718
harry,X,vomit,B,0.2879985
harry,X,agony,B,0.32353535
harry,X,prison,B,0.36109197
josh,X,caress,A,0.38012365
josh,X,freedom,A,0.342776
josh,X,health,A,0.3095824
josh,X,love,A,0.40055972
josh,X,peace,A,0.31683713
josh,X,cheer,A,0.39265984
josh,X,friend,A,0.35104913
josh,X,heaven,A,0.40444353
josh,X,loyal,A,0.3313542
josh,X,pleasure,A,0.3233866
josh,X,diamond,A,0.33160678
josh,X,gentle,A,0.3651209
josh,X,honest,A,0.43349457
josh,X,lucky,A,0.36410034
josh,X,rainbow,A,0.37904233
josh,X,diploma,A,0.3257621
josh,X,gift,A,0.33054942
josh,X,honor,A,0.30692798
josh,X,miracle,A,0.3616848
josh,X,sunrise,A,0.39010167
josh,X,family,A,0.27684256
josh,X,happy,A,0.32274458
josh,X,laughter,A,0.38069868
josh,X,paradise,A,0.38766542
josh,X,vacation,A,0.35416204
josh,X,abuse,B,0.3645578
josh,X,crash,B,0.41751143
josh,X,filth,B,0.27449343
josh,X,murder,B,0.33156776
josh,X,sickness,B,0.31328386
josh,X,accident,B,0.3125423
josh,X,death,B,0.3354292
josh,X,grief,B,0.3485759
josh,X,poison,B,0.3678723
josh,X,stink,B,0.31216937
josh,X,assault,B,0.3900249
josh,X,disaster,B,0.35997012
josh,X,hatred,B,0.28783825
josh,X,pollute,B,0.30073857
josh,X,tragedy,B,0.34323117
josh,X,divorce,B,0.32131493
josh,X,jail,B,0.3396638
josh,X,poverty,B,0.3457815
josh,X,ugly,B,0.24843934
josh,X,cancer,B,0.31567264
josh,X,kill,B,0.2980717
josh,X,rotten,B,0.40107626
josh,X,vomit,B,0.35594657
josh,X,agony,B,0.3347164
josh,X,prison,B,0.35379323
roger,X,caress,A,0.3275612
roger,X,freedom,A,0.41226605
roger,X,health,A,0.3232823
roger,X,love,A,0.34667972
roger,X,peace,A,0.37792242
roger,X,cheer,A,0.36361217
roger,X,friend,A,0.3604786
roger,X,heaven,A,0.33792847
roger,X,loyal,A,0.33368433
roger,X,pleasure,A,0.40436178
roger,X,diamond,A,0.38130808
roger,X,gentle,A,0.35784763
roger,X,honest,A,0.30974874
roger,X,lucky,A,0.4329129
roger,X,rainbow,A,0.38479856
roger,X,diploma,A,0.42378706
roger,X,gift,A,0.31294838
roger,X,honor,A,0.3955364
roger,X,miracle,A,0.44163218
roger,X,sunrise,A,0.35983378
roger,X,family,A,0.23646195
roger,X,happy,A,0.35776037
roger,X,laughter,A,0.38461336
roger,X,paradise,A,0.3802061
roger,X,vacation,A,0.36726245
roger,X,abuse,B,0.313711
roger,X,crash,B,0.3678776
roger,X,filth,B,0.26167798
roger,X,murder,B,0.42200327
roger,X,sickness,B,0.33501473
roger,X,accident,B,0.39019537
roger,X,death,B,0.33048946
roger,X,grief,B,0.27700043
roger,X,poison,B,0.40650123
roger,X,stink,B,0.31729972
roger,X,assault,B,0.38907745
roger,X,disaster,B,0.3132552
roger,X,hatred,B,0.2912855
roger,X,pollute,B,0.27803907
roger,X,tragedy,B,0.32869127
roger,X,divorce,B,0.36975756
roger,X,jail,B,0.30313462
roger,X,poverty,B,0.26557133
roger,X,ugly,B,0.28566617
roger,X,cancer,B,0.29742593
roger,X,kill,B,0.3058293
roger,X,rotten,B,0.28636825
roger,X,vomit,B,0.35462388
roger,X,agony,B,0.29992867
roger,X,prison,B,0.3025795
alan,X,caress,A,0.35705566
alan,X,freedom,A,0.39021355
alan,X,health,A,0.3254537
alan,X,love,A,0.37499785
alan,X,peace,A,0.3859019
alan,X,cheer,A,0.37638396
alan,X,friend,A,0.41218466
alan,X,heaven,A,0.3521232
alan,X,loyal,A,0.40638608
alan,X,pleasure,A,0.33624017
alan,X,diamond,A,0.4491766
alan,X,gentle,A,0.38492262
alan,X,honest,A,0.350955
alan,X,lucky,A,0.4447552
alan,X,rainbow,A,0.46096155
alan,X,diploma,A,0.42042217
alan,X,gift,A,0.3911193
alan,X,honor,A,0.4118018
alan,X,miracle,A,0.4164748
alan,X,sunrise,A,0.4212203
alan,X,family,A,0.36822307
alan,X,happy,A,0.40994096
alan,X,laughter,A,0.40046358
alan,X,paradise,A,0.39859867
alan,X,vacation,A,0.34359258
alan,X,abuse,B,0.37385428
alan,X,crash,B,0.43057233
alan,X,filth,B,0.21936129
alan,X,murder,B,0.40466952
alan,X,sickness,B,0.41857126
alan,X,accident,B,0.4278245
alan,X,death,B,0.3596242
alan,X,grief,B,0.39969137
alan,X,poison,B,0.4396764
alan,X,stink,B,0.4047164
alan,X,assault,B,0.4673481
alan,X,disaster,B,0.37551945
alan,X,hatred,B,0.3075136
alan,X,pollute,B,0.32227096
alan,X,tragedy,B,0.39400887
alan,X,divorce,B,0.41700655
alan,X,jail,B,0.3988757
alan,X,poverty,B,0.37561274
alan,X,ugly,B,0.3313349
alan,X,cancer,B,0.37935424
alan,X,kill,B,0.36697128
alan,X,rotten,B,0.35105723
alan,X,vomit,B,0.39552623
alan,X,agony,B,0.3826362
alan,X,prison,B,0.41374797
frank,X,caress,A,0.39078462
frank,X,freedom,A,0.4142003
frank,X,health,A,0.43343648
frank,X,love,A,0.4169991
frank,X,peace,A,0.41976163
frank,X,cheer,A,0.38767827
frank,X,friend,A,0.4639577
frank,X,heaven,A,0.32488808
frank,X,loyal,A,0.5131191
frank,X,pleasure,A,0.39608076
frank,X,diamond,A,0.42318588
frank,X,gentle,A,0.46499085
frank,X,honest,A,0.47569683
frank,X,lucky,A,0.43937537
frank,X,rainbow,A,0.391316
frank,X,diploma,A,0.41653547
frank,X,gift,A,0.41022825
frank,X,honor,A,0.38264385
frank,X,miracle,A,0.41212118
frank,X,sunrise,A,0.3700524
frank,X,family,A,0.40379336
frank,X,happy,A,0.43691504
frank,X,laughter,A,0.43794966
frank,X,paradise,A,0.3650257
frank,X,vacation,A,0.3991752
frank,X,abuse,B,0.4246316
frank,X,crash,B,0.46192968
frank,X,filth,B,0.24178171
frank,X,murder,B,0.5061302
frank,X,sickness,B,0.45408654
frank,X,accident,B,0.36805016
frank,X,death,B,0.4139762
frank,X,grief,B,0.43530548
frank,X,poison,B,0.44478083
frank,X,stink,B,0.37736082
frank,X,assault,B,0.4173686
frank,X,disaster,B,0.36785322
frank,X,hatred,B,0.41391182
frank,X,pollute,B,0.29536188
frank,X,tragedy,B,0.44121212
frank,X,divorce,B,0.39077896
frank,X,jail,B,0.35045964
frank,X,poverty,B,0.36611924
frank,X,ugly,B,0.39774984
frank,X,cancer,B,0.32429382
frank,X,kill,B,0.44242495
frank,X,rotten,B,0.33435005
frank,X,vomit,B,0.32000512
frank,X,agony,B,0.4547345
frank,X,prison,B,0.4000249
ian,X,caress,A,0.41484448
ian,X,freedom,A,0.4245997
ian,X,health,A,0.36147076
ian,X,love,A,0.42044294
ian,X,peace,A,0.4148453
ian,X,cheer,A,0.35444424
ian,X,friend,A,0.36735398
ian,X,heaven,A,0.3908633
ian,X,loyal,A,0.36151353
ian,X,pleasure,A,0.40343577
ian,X,diamond,A,0.39787495
ian,X,gentle,A,0.410404
ian,X,honest,A,0.41841272
ian,X,lucky,A,0.3599807
ian,X,rainbow,A,0.34452727
ian,X,diploma,A,0.3762943
ian,X,gift,A,0.39141446
ian,X,honor,A,0.39374006
ian,X,miracle,A,0.3481656
ian,X,sunrise,A,0.44176883
ian,X,family,A,0.30765796
ian,X,happy,A,0.3474056
ian,X,laughter,A,0.3999818
ian,X,paradise,A,0.39293802
ian,X,vacation,A,0.38412946
ian,X,abuse,B,0.35671794
ian,X,crash,B,0.37634772
ian,X,filth,B,0.33944553
ian,X,murder,B,0.3644625
ian,X,sickness,B,0.41834217
ian,X,accident,B,0.3489709
ian,X,death,B,0.39285994
ian,X,grief,B,0.4373251
ian,X,poison,B,0.44088495
ian,X,stink,B,0.31506473
ian,X,assault,B,0.41731864
ian,X,disaster,B,0.35411817
ian,X,hatred,B,0.36404127
ian,X,pollute,B,0.30998307
ian,X,tragedy,B,0.35141456
ian,X,divorce,B,0.3421924
ian,X,jail,B,0.30219963
ian,X,poverty,B,0.38747817
ian,X,ugly,B,0.35218662
ian,X,cancer,B,0.3211345
ian,X,kill,B,0.31555754
ian,X,rotten,B,0.3380444
ian,X,vomit,B,0.41521925
ian,X,agony,B,0.44656396
ian,X,prison,B,0.38778898
justin,X,caress,A,0.37024057
justin,X,freedom,A,0.36085063
justin,X,health,A,0.27563593
justin,X,love,A,0.377567
justin,X,peace,A,0.38536897
justin,X,cheer,A,0.36370718
justin,X,friend,A,0.35376906
justin,X,heaven,A,0.37668654
justin,X,loyal,A,0.36133325
justin,X,pleasure,A,0.3201768
justin,X,diamond,A,0.31526813
justin,X,gentle,A,0.3051648
justin,X,honest,A,0.35800105
justin,X,lucky,A,0.40656424
justin,X,rainbow,A,0.37283778
justin,X,diploma,A,0.33156317
justin,X,gift,A,0.32228056
justin,X,honor,A,0.3741562
justin,X,miracle,A,0.40226343
justin,X,sunrise,A,0.3946118
justin,X,family,A,0.28291455
justin,X,happy,A,0.3871823
justin,X,laughter,A,0.38598958
justin,X,paradise,A,0.35633096
justin,X,vacation,A,0.37283832
justin,X,abuse,B,0.33799595
justin,X,crash,B,0.39885867
justin,X,filth,B,0.25547373
justin,X,murder,B,0.34582978
justin,X,sickness,B,0.36671668
justin,X,accident,B,0.31068218
justin,X,death,B,0.3539574
justin,X,grief,B,0.36132598
justin,X,poison,B,0.37910688
justin,X,stink,B,0.2940299
justin,X,assault,B,0.3860082
justin,X,disaster,B,0.33439255
justin,X,hatred,B,0.30593145
justin,X,pollute,B,0.28750196
justin,X,tragedy,B,0.3328048
justin,X,divorce,B,0.35600132
justin,X,jail,B,0.30973053
justin,X,poverty,B,0.3049037
justin,X,ugly,B,0.29417402
justin,X,cancer,B,0.31571364
justin,X,kill,B,0.30901945
justin,X,rotten,B,0.27573836
justin,X,vomit,B,0.35004658
justin,X,agony,B,0.30579248
justin,X,prison,B,0.32907826
ryan,X,caress,A,0.40389192
ryan,X,freedom,A,0.3210297
ryan,X,health,A,0.31896192
ryan,X,love,A,0.43592882
ryan,X,peace,A,0.34139964
ryan,X,cheer,A,0.35339206
ryan,X,friend,A,0.4001309
ryan,X,heaven,A,0.3624965
ryan,X,loyal,A,0.399103
ryan,X,pleasure,A,0.3754033
ryan,X,diamond,A,0.41947892
ryan,X,gentle,A,0.3642165
ryan,X,honest,A,0.3421148
ryan,X,lucky,A,0.46197128
ryan,X,rainbow,A,0.3868461
ryan,X,diploma,A,0.32420975
ryan,X,gift,A,0.3556249
ryan,X,honor,A,0.3327355
ryan,X,miracle,A,0.386298
ryan,X,sunrise,A,0.38395795
ryan,X,family,A,0.3407054
ryan,X,happy,A,0.3814761
ryan,X,laughter,A,0.40774816
ryan,X,paradise,A,0.39825946
ryan,X,vacation,A,0.3908058
ryan,X,abuse,B,0.34474078
ryan,X,crash,B,0.44470835
ryan,X,filth,B,0.19429302
ryan,X,murder,B,0.31521338
ryan,X,sickness,B,0.33572477
ryan,X,accident,B,0.31036973
ryan,X,death,B,0.29050064
ryan,X,grief,B,0.36484218
ryan,X,poison,B,0.36044884
ryan,X,stink,B,0.27901113
ryan,X,assault,B,0.36857542
ryan,X,disaster,B,0.35474417
ryan,X,hatred,B,0.32668617
ryan,X,pollute,B,0.2396702
ryan,X,tragedy,B,0.32260457
ryan,X,divorce,B,0.3449461
ryan,X,jail,B,0.29263228
ryan,X,poverty,B,0.30053642
ryan,X,ugly,B,0.28236532
ryan,X,cancer,B,0.3116316
ryan,X,kill,B,0.2819443
ryan,X,rotten,B,0.2675892
ryan,X,vomit,B,0.22930002
ryan,X,agony,B,0.37556288
ryan,X,prison,B,0.33597854
andrew,X,caress,A,0.35313025
andrew,X,freedom,A,0.41241097
andrew,X,health,A,0.38494676
andrew,X,love,A,0.4348795
andrew,X,peace,A,0.43413675
andrew,X,cheer,A,0.4082246
andrew,X,friend,A,0.44733846
andrew,X,heaven,A,0.3553772
andrew,X,loyal,A,0.43751156
andrew,X,pleasure,A,0.35770765
andrew,X,diamond,A,0.39809114
andrew,X,gentle,A,0.41839927
andrew,X,honest,A,0.33673918
andrew,X,lucky,A,0.38528058
andrew,X,rainbow,A,0.44789773
andrew,X,diploma,A,0.37328696
andrew,X,gift,A,0.3638842
andrew,X,honor,A,0.3616508
andrew,X,miracle,A,0.35631207
andrew,X,sunrise,A,0.41629112
andrew,X,family,A,0.3638996
andrew,X,happy,A,0.42435947
andrew,X,laughter,A,0.4049083
andrew,X,paradise,A,0.37696135
andrew,X,vacation,A,0.34075516
andrew,X,abuse,B,0.35558325
andrew,X,crash,B,0.32164377
andrew,X,filth,B,0.25190997
andrew,X,murder,B,0.3433383
andrew,X,sickness,B,0.39051986
andrew,X,accident,B,0.3305494
andrew,X,death,B,0.3427446
andrew,X,grief,B,0.3980301
andrew,X,poison,B,0.39236543
andrew,X,stink,B,0.33176622
andrew,X,assault,B,0.39855886
andrew,X,disaster,B,0.31126553
andrew,X,hatred,B,0.35509202
andrew,X,pollute,B,0.30384284
andrew,X,tragedy,B,0.3220121
andrew,X,divorce,B,0.36497295
andrew,X,jail,B,0.36622167
andrew,X,poverty,B,0.3712405
andrew,X,ugly,B,0.3056267
andrew,X,cancer,B,0.28118837
andrew,X,kill,B,0.34578472
andrew,X,rotten,B,0.27520937
andrew,X,vomit,B,0.35788894
andrew,X,agony,B,0.36662027
andrew,X,prison,B,0.40838453
fred,X,caress,A,0.34971064
fred,X,freedom,A,0.42619917
fred,X,health,A,0.444147
fred,X,love,A,0.38352323
fred,X,peace,A,0.418177
fred,X,cheer,A,0.43503654
fred,X,friend,A,0.44757947
fred,X,heaven,A,0.34675336
fred,X,loyal,A,0.4798904
fred,X,pleasure,A,0.3257721
fred,X,diamond,A,0.32704204
fred,X,gentle,A,0.4140844
fred,X,honest,A,0.32786733
fred,X,lucky,A,0.44168323
fred,X,rainbow,A,0.49236345
fred,X,diploma,A,0.4164739
fred,X,gift,A,0.38643324
fred,X,honor,A,0.38157234
fred,X,miracle,A,0.46822745
fred,X,sunrise,A,0.38621807
fred,X,family,A,0.40041658
fred,X,happy,A,0.38951582
fred,X,laughter,A,0.3849115
fred,X,paradise,A,0.38210964
fred,X,vacation,A,0.4396783
fred,X,abuse,B,0.37148178
fred,X,crash,B,0.47377354
fred,X,filth,B,0.23626953
fred,X,murder,B,0.41775584
fred,X,sickness,B,0.41863945
fred,X,accident,B,0.4126182
fred,X,death,B,0.33349323
fred,X,grief,B,0.33711016
fred,X,poison,B,0.44853145
fred,X,stink,B,0.44901103
fred,X,assault,B,0.46151778
fred,X,disaster,B,0.33856282
fred,X,hatred,B,0.34024197
fred,X,pollute,B,0.36009043
fred,X,tragedy,B,0.35470393
fred,X,divorce,B,0.3852875
fred,X,jail,B,0.42866385
fred,X,poverty,B,0.34903026
fred,X,ugly,B,0.293103
fred,X,cancer,B,0.3392735
fred,X,kill,B,0.37335944
fred,X,rotten,B,0.31950378
fred,X,vomit,B,0.36066797
fred,X,agony,B,0.2984311
fred,X,prison,B,0.4185599
jack,X,caress,A,0.36420006
jack,X,freedom,A,0.39692864
jack,X,health,A,0.29934576
jack,X,love,A,0.49418786
jack,X,peace,A,0.388511
jack,X,cheer,A,0.37791282
jack,X,friend,A,0.3715488
jack,X,heaven,A,0.4603169
jack,X,loyal,A,0.3493982
jack,X,pleasure,A,0.395118
jack,X,diamond,A,0.43181664
jack,X,gentle,A,0.3719175
jack,X,honest,A,0.34867632
jack,X,lucky,A,0.43708912
jack,X,rainbow,A,0.4035534
jack,X,diploma,A,0.3866185
jack,X,gift,A,0.36884046
jack,X,honor,A,0.38066673
jack,X,miracle,A,0.3822543
jack,X,sunrise,A,0.41613704
jack,X,family,A,0.32698968
jack,X,happy,A,0.36077085
jack,X,laughter,A,0.37343186
jack,X,paradise,A,0.44743398
jack,X,vacation,A,0.38728678
jack,X,abuse,B,0.3603503
jack,X,crash,B,0.4544229
jack,X,filth,B,0.3070469
jack,X,murder,B,0.40647984
jack,X,sickness,B,0.32397416
jack,X,accident,B,0.31912178
jack,X,death,B,0.36268938
jack,X,grief,B,0.3531614
jack,X,poison,B,0.4148911
jack,X,stink,B,0.3545596
jack,X,assault,B,0.4001795
jack,X,disaster,B,0.35548013
jack,X,hatred,B,0.28725505
jack,X,pollute,B,0.2564106
jack,X,tragedy,B,0.30861595
jack,X,divorce,B,0.3879962
jack,X,jail,B,0.3677949
jack,X,poverty,B,0.29763398
jack,X,ugly,B,0.22318637
jack,X,cancer,B,0.30654207
jack,X,kill,B,0.34487504
jack,X,rotten,B,0.34551412
jack,X,vomit,B,0.31590745
jack,X,agony,B,0.37293717
jack,X,prison,B,0.40708786
matthew,X,caress,A,0.39431006
matthew,X,freedom,A,0.33025157
matthew,X,health,A,0.32111835
matthew,X,love,A,0.41907936
matthew,X,peace,A,0.42147678
matthew,X,cheer,A,0.39072686
matthew,X,friend,A,0.38333333
matthew,X,heaven,A,0.3992911
matthew,X,loyal,A,0.32318455
matthew,X,pleasure,A,0.3299715
matthew,X,diamond,A,0.39008158
matthew,X,gentle,A,0.37434727
matthew,X,honest,A,0.35253584
matthew,X,lucky,A,0.44205153
matthew,X,rainbow,A,0.42585406
matthew,X,diploma,A,0.34038562
matthew,X,gift,A,0.3619893
matthew,X,honor,A,0.32605726
matthew,X,miracle,A,0.4147908
matthew,X,sunrise,A,0.46239638
matthew,X,family,A,0.3578989
matthew,X,happy,A,0.3899145
matthew,X,laughter,A,0.3791783
matthew,X,paradise,A,0.40960002
matthew,X,vacation,A,0.3169552
matthew,X,abuse,B,0.32329595
matthew,X,crash,B,0.3409691
matthew,X,filth,B,0.24916746
matthew,X,murder,B,0.37053743
matthew,X,sickness,B,0.37136838
matthew,X,accident,B,0.34772253
matthew,X,death,B,0.3921844
matthew,X,grief,B,0.42189187
matthew,X,poison,B,0.35305315
matthew,X,stink,B,0.32956648
matthew,X,assault,B,0.39285672
matthew,X,disaster,B,0.34231067
matthew,X,hatred,B,0.3094021
matthew,X,pollute,B,0.2539395
matthew,X,tragedy,B,0.3896631
matthew,X,divorce,B,0.4111904
matthew,X,jail,B,0.36504376
matthew,X,poverty,B,0.3525799
matthew,X,ugly,B,0.31489336
matthew,X,cancer,B,0.35013777
matthew,X,kill,B,0.3174407
matthew,X,rotten,B,0.30661896
matthew,X,vomit,B,0.37473497
matthew,X,agony,B,0.3927654
matthew,X,prison,B,0.3994239
stephen,X,caress,A,0.38454664
stephen,X,freedom,A,0.36438295
stephen,X,health,A,0.36648422
stephen,X,love,A,0.3852504
stephen,X,peace,A,0.36213905
stephen,X,cheer,A,0.37446558
stephen,X,friend,A,0.40200835
stephen,X,heaven,A,0.31600523
stephen,X,loyal,A,0.40269512
stephen,X,pleasure,A,0.3707285
stephen,X,diamond,A,0.36573458
stephen,X,gentle,A,0.41478208
stephen,X,honest,A,0.33469105
stephen,X,lucky,A,0.39051124
stephen,X,rainbow,A,0.4161353
stephen,X,diploma,A,0.3955014
stephen,X,gift,A,0.38632688
stephen,X,honor,A,0.40683597
stephen,X,miracle,A,0.38294965
stephen,X,sunrise,A,0.37069768
stephen,X,family,A,0.2478416
stephen,X,happy,A,0.33181286
stephen,X,laughter,A,0.3459199
stephen,X,paradise,A,0.35396737
stephen,X,vacation,A,0.33397004
stephen,X,abuse,B,0.35566375
stephen,X,crash,B,0.3674224
stephen,X,filth,B,0.27314654
stephen,X,murder,B,0.40972394
stephen,X,sickness,B,0.41822702
stephen,X,accident,B,0.36127457
stephen,X,death,B,0.3710053
stephen,X,grief,B,0.38135058
stephen,X,poison,B,0.429417
stephen,X,stink,B,0.3588897
stephen,X,assault,B,0.39983433
stephen,X,disaster,B,0.33928883
stephen,X,hatred,B,0.3390929
stephen,X,pollute,B,0.29068285
stephen,X,tragedy,B,0.3628314
stephen,X,divorce,B,0.32428566
stephen,X,jail,B,0.38236612
stephen,X,poverty,B,0.34372497
stephen,X,ugly,B,0.25465178
stephen,X,cancer,B,0.33214405
stephen,X,kill,B,0.33749416
stephen,X,rotten,B,0.29662308
stephen,X,vomit,B,0.37378493
stephen,X,agony,B,0.35320407
stephen,X,prison,B,0.39102462
brad,X,caress,A,0.34565973
brad,X,freedom,A,0.35423964
brad,X,health,A,0.3526913
brad,X,love,A,0.34687674
brad,X,peace,A,0.39652103
brad,X,cheer,A,0.4002617
brad,X,friend,A,0.39321402
brad,X,heaven,A,0.33078176
brad,X,loyal,A,0.45034313
brad,X,pleasure,A,0.34179157
brad,X,diamond,A,0.3465386
brad,X,gentle,A,0.37190205
brad,X,honest,A,0.33815643
brad,X,lucky,A,0.328883
brad,X,rainbow,A,0.4081981
brad,X,diploma,A,0.36046913
brad,X,gift,A,0.32680458
brad,X,honor,A,0.3699617
brad,X,miracle,A,0.3398202
brad,X,sunrise,A,0.3955603
brad,X,family,A,0.3270753
brad,X,happy,A,0.3549822
brad,X,laughter,A,0.43272218
brad,X,paradise,A,0.33098438
brad,X,vacation,A,0.3476258
brad,X,abuse,B,0.3752405
brad,X,crash,B,0.42179075
brad,X,filth,B,0.21943639
brad,X,murder,B,0.36921328
brad,X,sickness,B,0.37448204
brad,X,accident,B,0.32614097
brad,X,death,B,0.35131508
brad,X,grief,B,0.3930542
brad,X,poison,B,0.40525794
brad,X,stink,B,0.3647817
brad,X,assault,B,0.42344576
brad,X,disaster,B,0.35876393
brad,X,hatred,B,0.33641014
brad,X,pollute,B,0.26484442
brad,X,tragedy,B,0.38680208
brad,X,divorce,B,0.3987463
brad,X,jail,B,0.36118662
brad,X,poverty,B,0.33476532
brad,X,ugly,B,0.31354386
brad,X,cancer,B,0.3387984
brad,X,kill,B,0.35277176
brad,X,rotten,B,0.31029528
brad,X,vomit,B,0.38970456
brad,X,agony,B,0.30372542
brad,X,prison,B,0.3851884
greg,X,caress,A,0.3423262
greg,X,freedom,A,0.3125971
greg,X,health,A,0.36504674
greg,X,love,A,0.35578498
greg,X,peace,A,0.34666792
greg,X,cheer,A,0.41167992
greg,X,friend,A,0.3668476
greg,X,heaven,A,0.30285797
greg,X,loyal,A,0.42239898
greg,X,pleasure,A,0.32583022
greg,X,diamond,A,0.3065571
greg,X,gentle,A,0.33917814
greg,X,honest,A,0.32976973
greg,X,lucky,A,0.38029224
greg,X,rainbow,A,0.3662075
greg,X,diploma,A,0.3533375
greg,X,gift,A,0.33201963
greg,X,honor,A,0.30432326
greg,X,miracle,A,0.415955
greg,X,sunrise,A,0.34486017
greg,X,family,A,0.3504541
greg,X,happy,A,0.32591426
greg,X,laughter,A,0.38783467
greg,X,paradise,A,0.30147633
greg,X,vacation,A,0.29913306
greg,X,abuse,B,0.32750505
greg,X,crash,B,0.3834262
greg,X,filth,B,0.15405053
greg,X,murder,B,0.36655796
greg,X,sickness,B,0.33074576
greg,X,accident,B,0.3058914
greg,X,death,B,0.29179844
greg,X,grief,B,0.30307925
greg,X,poison,B,0.4220292
greg,X,stink,B,0.38330653
greg,X,assault,B,0.40301898
greg,X,disaster,B,0.36002874
greg,X,hatred,B,0.26995212
greg,X,pollute,B,0.26007634
greg,X,tragedy,B,0.32138175
greg,X,divorce,B,0.34717292
greg,X,jail,B,0.36861718
greg,X,poverty,B,0.2885582
greg,X,ugly,B,0.2092902
greg,X,cancer,B,0.30095363
greg,X,kill,B,0.3102039
greg,X,rotten,B,0.30426404
greg,X,vomit,B,0.32803777
greg,X,agony,B,0.25272882
greg,X,prison,B,0.36311096
jed,X,caress,A,0.2592085
jed,X,freedom,A,0.3439488
jed,X,health,A,0.30111963
jed,X,love,A,0.24166465
jed,X,peace,A,0.33490255
jed,X,cheer,A,0.38792282
jed,X,friend,A,0.27440733
jed,X,heaven,A,0.31214643
jed,X,loyal,A,0.34151298
jed,X,pleasure,A,0.2896163
jed,X,diamond,A,0.20827895
jed,X,gentle,A,0.2811858
jed,X,honest,A,0.3670926
jed,X,lucky,A,0.37607002
jed,X,rainbow,A,0.3234989
jed,X,diploma,A,0.2697003
jed,X,gift,A,0.22268425
jed,X,honor,A,0.3092303
jed,X,miracle,A,0.39784306
jed,X,sunrise,A,0.38144255
jed,X,family,A,0.16703007
jed,X,happy,A,0.32641572
jed,X,laughter,A,0.35679463
jed,X,paradise,A,0.30158788
jed,X,vacation,A,0.30097342
jed,X,abuse,B,0.2702123
jed,X,crash,B,0.37510112
jed,X,filth,B,0.2870081
jed,X,murder,B,0.30670774
jed,X,sickness,B,0.34829313
jed,X,accident,B,0.3178534
jed,X,death,B,0.27611482
jed,X,grief,B,0.2817706
jed,X,poison,B,0.31388322
jed,X,stink,B,0.35135815
jed,X,assault,B,0.3154213
jed,X,disaster,B,0.31544453
jed,X,hatred,B,0.25255862
jed,X,pollute,B,0.2737165
jed,X,tragedy,B,0.32247883
jed,X,divorce,B,0.27131155
jed,X,jail,B,0.29666534
jed,X,poverty,B,0.24751826
jed,X,ugly,B,0.2640084
jed,X,cancer,B,0.20649819
jed,X,kill,B,0.26202455
jed,X,rotten,B,0.26237538
jed,X,vomit,B,0.369258
jed,X,agony,B,0.21787423
jed,X,prison,B,0.30047292
paul,X,caress,A,0.38948488
paul,X,freedom,A,0.38245746
paul,X,health,A,0.480654
paul,X,love,A,0.47349507
paul,X,peace,A,0.42201918
paul,X,cheer,A,0.37474653
paul,X,friend,A,0.44052452
paul,X,heaven,A,0.38933277
paul,X,loyal,A,0.43982518
paul,X,pleasure,A,0.42997736
paul,X,diamond,A,0.3915693
paul,X,gentle,A,0.41398078
paul,X,honest,A,0.341833
paul,X,lucky,A,0.41428375
paul,X,rainbow,A,0.43984026
paul,X,diploma,A,0.3923764
paul,X,gift,A,0.4123258
paul,X,honor,A,0.39918846
paul,X,miracle,A,0.44488755
paul,X,sunrise,A,0.41941047
paul,X,family,A,0.32405502
paul,X,happy,A,0.36719504
paul,X,laughter,A,0.396468
paul,X,paradise,A,0.39639378
paul,X,vacation,A,0.4024698
paul,X,abuse,B,0.37715262
paul,X,crash,B,0.37665936
paul,X,filth,B,0.2805619
paul,X,murder,B,0.4262396
paul,X,sickness,B,0.45201
paul,X,accident,B,0.38355976
paul,X,death,B,0.40359867
paul,X,grief,B,0.41346812
paul,X,poison,B,0.45565853
paul,X,stink,B,0.3429529
paul,X,assault,B,0.38054407
paul,X,disaster,B,0.39880502
paul,X,hatred,B,0.41174966
paul,X,pollute,B,0.34200513
paul,X,tragedy,B,0.39771557
paul,X,divorce,B,0.39641094
paul,X,jail,B,0.35440987
paul,X,poverty,B,0.41263354
paul,X,ugly,B,0.29759896
paul,X,cancer,B,0.3781711
paul,X,kill,B,0.39229646
paul,X,rotten,B,0.3481382
paul,X,vomit,B,0.32673758
paul,X,agony,B,0.42797294
paul,X,prison,B,0.42137104
todd,X,caress,A,0.3279717
todd,X,freedom,A,0.34137404
todd,X,health,A,0.30337372
todd,X,love,A,0.30702725
todd,X,peace,A,0.3781836
todd,X,cheer,A,0.40161622
todd,X,friend,A,0.31497467
todd,X,heaven,A,0.33687922
todd,X,loyal,A,0.37305513
todd,X,pleasure,A,0.31259868
todd,X,diamond,A,0.3314227
todd,X,gentle,A,0.36081892
todd,X,honest,A,0.2936425
todd,X,lucky,A,0.33492967
todd,X,rainbow,A,0.35871845
todd,X,diploma,A,0.28906193
todd,X,gift,A,0.29856473
todd,X,honor,A,0.3032592
todd,X,miracle,A,0.33808336
todd,X,sunrise,A,0.34987098
todd,X,family,A,0.27624083
todd,X,happy,A,0.2883889
todd,X,laughter,A,0.35432976
todd,X,paradise,A,0.32801887
todd,X,vacation,A,0.26764223
todd,X,abuse,B,0.28726664
todd,X,crash,B,0.32864916
todd,X,filth,B,0.19463542
todd,X,murder,B,0.34452453
todd,X,sickness,B,0.29177973
todd,X,accident,B,0.28972206
todd,X,death,B,0.3072224
todd,X,grief,B,0.33969867
todd,X,poison,B,0.4017373
todd,X,stink,B,0.27950326
todd,X,assault,B,0.38939035
todd,X,disaster,B,0.28350204
todd,X,hatred,B,0.26354668
todd,X,pollute,B,0.27088416
todd,X,tragedy,B,0.30543005
todd,X,divorce,B,0.35406062
todd,X,jail,B,0.342837
todd,X,poverty,B,0.3070657
todd,X,ugly,B,0.29438928
todd,X,cancer,B,0.3041389
todd,X,kill,B,0.2368385
todd,X,rotten,B,0.32994336
todd,X,vomit,B,0.2757298
todd,X,agony,B,0.29678208
todd,X,prison,B,0.35652107
brandon,X,caress,A,0.36203927
brandon,X,freedom,A,0.36520773
brandon,X,health,A,0.29266113
brandon,X,love,A,0.441629
brandon,X,peace,A,0.3637368
brandon,X,cheer,A,0.3743979
brandon,X,friend,A,0.3803894
brandon,X,heaven,A,0.33496505
brandon,X,loyal,A,0.4098518
brandon,X,pleasure,A,0.32153866
brandon,X,diamond,A,0.3868719
brandon,X,gentle,A,0.32390302
brandon,X,honest,A,0.35292786
brandon,X,lucky,A,0.39433134
brandon,X,rainbow,A,0.34579676
brandon,X,diploma,A,0.31097066
brandon,X,gift,A,0.29663524
brandon,X,honor,A,0.32885325
brandon,X,miracle,A,0.34011492
brandon,X,sunrise,A,0.35825685
brandon,X,family,A,0.33313012
brandon,X,happy,A,0.39956665
brandon,X,laughter,A,0.39004612
brandon,X,paradise,A,0.34318054
brandon,X,vacation,A,0.3601194
brandon,X,abuse,B,0.37531462
brandon,X,crash,B,0.38291952
brandon,X,filth,B,0.22748238
brandon,X,murder,B,0.3493537
brandon,X,sickness,B,0.3332831
brandon,X,accident,B,0.2902686
brandon,X,death,B,0.2765941
brandon,X,grief,B,0.34924898
brandon,X,poison,B,0.36976153
brandon,X,stink,B,0.30981508
brandon,X,assault,B,0.43777347
brandon,X,disaster,B,0.32906014
brandon,X,hatred,B,0.28616735
brandon,X,pollute,B,0.21755439
brandon,X,tragedy,B,0.26957488
brandon,X,divorce,B,0.38193947
brandon,X,jail,B,0.3334261
brandon,X,poverty,B,0.24067095
brandon,X,ugly,B,0.29548994
brandon,X,cancer,B,0.28025657
brandon,X,kill,B,0.28705794
brandon,X,rotten,B,0.23913066
brandon,X,vomit,B,0.2928199
brandon,X,agony,B,0.26724637
brandon,X,prison,B,0.34741423
hank,X,caress,A,0.31582922
hank,X,freedom,A,0.29350817
hank,X,health,A,0.26608014
hank,X,love,A,0.32099876
hank,X,peace,A,0.32134187
hank,X,cheer,A,0.35470387
hank,X,friend,A,0.29492444
hank,X,heaven,A,0.33876097
hank,X,loyal,A,0.2936474
hank,X,pleasure,A,0.2790024
hank,X,diamond,A,0.30207354
hank,X,gentle,A,0.24706064
hank,X,honest,A,0.30367944
hank,X,lucky,A,0.42585278
hank,X,rainbow,A,0.3971278
hank,X,diploma,A,0.30331144
hank,X,gift,A,0.30194682
hank,X,honor,A,0.32142854
hank,X,miracle,A,0.36421132
hank,X,sunrise,A,0.41878846
hank,X,family,A,0.27085087
hank,X,happy,A,0.32752603
hank,X,laughter,A,0.3313764
hank,X,paradise,A,0.3233444
hank,X,vacation,A,0.3385318
hank,X,abuse,B,0.32410768
hank,X,crash,B,0.37694293
hank,X,filth,B,0.22093843
hank,X,murder,B,0.30589157
hank,X,sickness,B,0.30306265
hank,X,accident,B,0.32227343
hank,X,death,B,0.26632738
hank,X,grief,B,0.29147476
hank,X,poison,B,0.31372315
hank,X,stink,B,0.27652606
hank,X,assault,B,0.33983138
hank,X,disaster,B,0.34592512
hank,X,hatred,B,0.27552837
hank,X,pollute,B,0.19879329
hank,X,tragedy,B,0.31071374
hank,X,divorce,B,0.3022809
hank,X,jail,B,0.24412967
hank,X,poverty,B,0.22433388
hank,X,ugly,B,0.30304235
hank,X,cancer,B,0.2812426
hank,X,kill,B,0.25940716
hank,X,rotten,B,0.26288497
hank,X,vomit,B,0.30322087
hank,X,agony,B,0.2609867
hank,X,prison,B,0.23944056
jonathan,X,caress,A,0.42583516
jonathan,X,freedom,A,0.40345746
jonathan,X,health,A,0.324875
jonathan,X,love,A,0.4560439
jonathan,X,peace,A,0.40688205
jonathan,X,cheer,A,0.30137777
jonathan,X,friend,A,0.39409593
jonathan,X,heaven,A,0.37770337
jonathan,X,loyal,A,0.33443403
jonathan,X,pleasure,A,0.37651783
jonathan,X,diamond,A,0.39874685
jonathan,X,gentle,A,0.3769575
jonathan,X,honest,A,0.3877688
jonathan,X,lucky,A,0.397526
jonathan,X,rainbow,A,0.43301252
jonathan,X,diploma,A,0.33408564
jonathan,X,gift,A,0.40733695
jonathan,X,honor,A,0.31419885
jonathan,X,miracle,A,0.3727593
jonathan,X,sunrise,A,0.47158086
jonathan,X,family,A,0.37753206
jonathan,X,happy,A,0.4243875
jonathan,X,laughter,A,0.3717808
jonathan,X,paradise,A,0.39379585
jonathan,X,vacation,A,0.39997965
jonathan,X,abuse,B,0.37297314
jonathan,X,crash,B,0.30337846
jonathan,X,filth,B,0.3080729
jonathan,X,murder,B,0.36962372
jonathan,X,sickness,B,0.3853482
jonathan,X,accident,B,0.2890771
jonathan,X,death,B,0.3770298
jonathan,X,grief,B,0.3576073
jonathan,X,poison,B,0.42014265
jonathan,X,stink,B,0.3489728
jonathan,X,assault,B,0.38721898
jonathan,X,disaster,B,0.37337404
jonathan,X,hatred,B,0.35450512
jonathan,X,pollute,B,0.26755735
jonathan,X,tragedy,B,0.32697237
jonathan,X,divorce,B,0.35565978
jonathan,X,jail,B,0.32394084
jonathan,X,poverty,B,0.37875244
jonathan,X,ugly,B,0.3292663
jonathan,X,cancer,B,0.3021567
jonathan,X,kill,B,0.33250946
jonathan,X,rotten,B,0.3139702
jonathan,X,vomit,B,0.38804448
jonathan,X,agony,B,0.39210737
jonathan,X,prison,B,0.41603738
peter,X,caress,A,0.4191532
peter,X,freedom,A,0.4236688
peter,X,health,A,0.45313603
peter,X,love,A,0.42899507
peter,X,peace,A,0.4320564
peter,X,cheer,A,0.37508482
peter,X,friend,A,0.48282725
peter,X,heaven,A,0.3786946
peter,X,loyal,A,0.43956953
peter,X,pleasure,A,0.37639177
peter,X,diamond,A,0.41917062
peter,X,gentle,A,0.46484172
peter,X,honest,A,0.36250418
peter,X,lucky,A,0.44272926
peter,X,rainbow,A,0.45754147
peter,X,diploma,A,0.37868005
peter,X,gift,A,0.38859588
peter,X,honor,A,0.4051146
peter,X,miracle,A,0.4428534
peter,X,sunrise,A,0.45760688
peter,X,family,A,0.3529004
peter,X,happy,A,0.37432748
peter,X,laughter,A,0.39268667
peter,X,paradise,A,0.3975842
peter,X,vacation,A,0.40213832
peter,X,abuse,B,0.336575
peter,X,crash,B,0.41248193
peter,X,filth,B,0.29867822
peter,X,murder,B,0.41602042
peter,X,sickness,B,0.4445911
peter,X,accident,B,0.371322
peter,X,death,B,0.45424595
peter,X,grief,B,0.39199758
peter,X,poison,B,0.45905936
peter,X,stink,B,0.3389421
peter,X,assault,B,0.41864502
peter,X,disaster,B,0.36921725
peter,X,hatred,B,0.3936721
peter,X,pollute,B,0.32920346
peter,X,tragedy,B,0.3881623
peter,X,divorce,B,0.37406546
peter,X,jail,B,0.4358827
peter,X,poverty,B,0.4317509
peter,X,ugly,B,0.3110229
peter,X,cancer,B,0.37193117
peter,X,kill,B,0.430772
peter,X,rotten,B,0.331875
peter,X,vomit,B,0.37571776
peter,X,agony,B,0.402341
peter,X,prison,B,0.4729187
wilbur,X,caress,A,0.32371387
wilbur,X,freedom,A,0.3922121
wilbur,X,health,A,0.37240338
wilbur,X,love,A,0.3645736
wilbur,X,peace,A,0.32182014
wilbur,X,cheer,A,0.38707608
wilbur,X,friend,A,0.35834688
wilbur,X,heaven,A,0.29463124
wilbur,X,loyal,A,0.39808673
wilbur,X,pleasure,A,0.28389978
wilbur,X,diamond,A,0.4109679
wilbur,X,gentle,A,0.37650943
wilbur,X,honest,A,0.26597863
wilbur,X,lucky,A,0.37193483
wilbur,X,rainbow,A,0.4152167
wilbur,X,diploma,A,0.39750403
wilbur,X,gift,A,0.3790625
wilbur,X,honor,A,0.40127724
wilbur,X,miracle,A,0.42349553
wilbur,X,sunrise,A,0.37428382
wilbur,X,family,A,0.34936637
wilbur,X,happy,A,0.36898172
wilbur,X,laughter,A,0.32015648
wilbur,X,paradise,A,0.40248847
wilbur,X,vacation,A,0.36789963
wilbur,X,abuse,B,0.2777003
wilbur,X,crash,B,0.42443073
wilbur,X,filth,B,0.19216558
wilbur,X,murder,B,0.312364
wilbur,X,sickness,B,0.37000337
wilbur,X,accident,B,0.3736792
wilbur,X,death,B,0.2722106
wilbur,X,grief,B,0.37259293
wilbur,X,poison,B,0.351619
wilbur,X,stink,B,0.41666898
wilbur,X,assault,B,0.3366046
wilbur,X,disaster,B,0.31062704
wilbur,X,hatred,B,0.24809189
wilbur,X,pollute,B,0.24187765
wilbur,X,tragedy,B,0.313413
wilbur,X,divorce,B,0.35524237
wilbur,X,jail,B,0.34740335
wilbur,X,poverty,B,0.2734572
wilbur,X,ugly,B,0.24381936
wilbur,X,cancer,B,0.32645133
wilbur,X,kill,B,0.30939567
wilbur,X,rotten,B,0.19302145
wilbur,X,vomit,B,0.31319672
wilbur,X,agony,B,0.28466478
wilbur,X,prison,B,0.3193428
amanda,X,caress,A,0.38934204
amanda,X,freedom,A,0.3956092
amanda,X,health,A,0.37275165
amanda,X,love,A,0.39551172
amanda,X,peace,A,0.42811984
amanda,X,cheer,A,0.41655716
amanda,X,friend,A,0.353726
amanda,X,heaven,A,0.40833098
amanda,X,loyal,A,0.37987548
amanda,X,pleasure,A,0.38933468
amanda,X,diamond,A,0.37339133
amanda,X,gentle,A,0.40436172
amanda,X,honest,A,0.3953493
amanda,X,lucky,A,0.3552146
amanda,X,rainbow,A,0.4085166
amanda,X,diploma,A,0.3745161
amanda,X,gift,A,0.38839012
amanda,X,honor,A,0.40829885
amanda,X,miracle,A,0.43048906
amanda,X,sunrise,A,0.40068993
amanda,X,family,A,0.31101745
amanda,X,happy,A,0.38383582
amanda,X,laughter,A,0.44482848
amanda,X,paradise,A,0.36811358
amanda,X,vacation,A,0.3907964
amanda,X,abuse,B,0.3431772
amanda,X,crash,B,0.38197026
amanda,X,filth,B,0.32586393
amanda,X,murder,B,0.40022972
amanda,X,sickness,B,0.34924477
amanda,X,accident,B,0.37982726
amanda,X,death,B,0.42424768
amanda,X,grief,B,0.4129917
amanda,X,poison,B,0.40251556
amanda,X,stink,B,0.36813337
amanda,X,assault,B,0.38018078
amanda,X,disaster,B,0.3651626
amanda,X,hatred,B,0.40220815
amanda,X,pollute,B,0.31135052
amanda,X,tragedy,B,0.41730857
amanda,X,divorce,B,0.39357156
amanda,X,jail,B,0.31136817
amanda,X,poverty,B,0.31935132
amanda,X,ugly,B,0.35442674
amanda,X,cancer,B,0.3677594
amanda,X,kill,B,0.37069577
amanda,X,rotten,B,0.3194852
amanda,X,vomit,B,0.4042579
amanda,X,agony,B,0.3573963
amanda,X,prison,B,0.3897816
courtney,X,caress,A,0.35856265
courtney,X,freedom,A,0.41067562
courtney,X,health,A,0.32804537
courtney,X,love,A,0.38527784
courtney,X,peace,A,0.39208984
courtney,X,cheer,A,0.4538237
courtney,X,friend,A,0.3513372
courtney,X,heaven,A,0.40468776
courtney,X,loyal,A,0.3629341
courtney,X,pleasure,A,0.35310757
courtney,X,diamond,A,0.388776
courtney,X,gentle,A,0.37256297
courtney,X,honest,A,0.41136175
courtney,X,lucky,A,0.4478253
courtney,X,rainbow,A,0.43365744
courtney,X,diploma,A,0.40821302
courtney,X,gift,A,0.41597962
courtney,X,honor,A,0.39784706
courtney,X,miracle,A,0.44973075
courtney,X,sunrise,A,0.4453258
courtney,X,family,A,0.31182018
courtney,X,happy,A,0.34765548
courtney,X,laughter,A,0.38419235
courtney,X,paradise,A,0.41018385
courtney,X,vacation,A,0.39335304
courtney,X,abuse,B,0.39013144
courtney,X,crash,B,0.47276816
courtney,X,filth,B,0.3164981
courtney,X,murder,B,0.37338248
courtney,X,sickness,B,0.40466982
courtney,X,accident,B,0.40793237
courtney,X,death,B,0.35287535
courtney,X,grief,B,0.44215813
courtney,X,poison,B,0.4628464
courtney,X,stink,B,0.3668941
courtney,X,assault,B,0.44288737
courtney,X,disaster,B,0.39859074
courtney,X,hatred,B,0.33394575
courtney,X,pollute,B,0.33198553
courtney,X,tragedy,B,0.38454872
courtney,X,divorce,B,0.3858624
courtney,X,jail,B,0.37722176
courtney,X,poverty,B,0.33597475
courtney,X,ugly,B,0.36562717
courtney,X,cancer,B,0.32765305
courtney,X,kill,B,0.3022644
courtney,X,rotten,B,0.31653565
courtney,X,vomit,B,0.44905746
courtney,X,agony,B,0.38309103
courtney,X,prison,B,0.42198986
heather,X,caress,A,0.32859057
heather,X,freedom,A,0.35697684
heather,X,health,A,0.283714
heather,X,love,A,0.33607793
heather,X,peace,A,0.32508314
heather,X,cheer,A,0.3726992
heather,X,friend,A,0.28672308
heather,X,heaven,A,0.39034766
heather,X,loyal,A,0.32084876
heather,X,pleasure,A,0.3212091
heather,X,diamond,A,0.3809307
heather,X,gentle,A,0.3209901
heather,X,honest,A,0.37232223
heather,X,lucky,A,0.36386684
heather,X,rainbow,A,0.39326277
heather,X,diploma,A,0.3127177
heather,X,gift,A,0.32438588
heather,X,honor,A,0.332166
heather,X,miracle,A,0.3775673
heather,X,sunrise,A,0.35419774
heather,X,family,A,0.2608955
heather,X,happy,A,0.3241291
heather,X,laughter,A,0.30898422
heather,X,paradise,A,0.35033968
heather,X,vacation,A,0.3440326
heather,X,abuse,B,0.32881275
heather,X,crash,B,0.34869552
heather,X,filth,B,0.29713547
heather,X,murder,B,0.31549186
heather,X,sickness,B,0.3015992
heather,X,accident,B,0.30725917
heather,X,death,B,0.31728482
heather,X,grief,B,0.3562845
heather,X,poison,B,0.32983074
heather,X,stink,B,0.2739753
heather,X,assault,B,0.3410639
heather,X,disaster,B,0.34234917
heather,X,hatred,B,0.27738583
heather,X,pollute,B,0.3001718
heather,X,tragedy,B,0.321035
heather,X,divorce,B,0.3346496
heather,X,jail,B,0.36394423
heather,X,poverty,B,0.32041234
heather,X,ugly,B,0.2827477
heather,X,cancer,B,0.34724188
heather,X,kill,B,0.23082183
heather,X,rotten,B,0.30919
heather,X,vomit,B,0.3532561
heather,X,agony,B,0.29105577
heather,X,prison,B,0.36319116
melanie,X,caress,A,0.3649404
melanie,X,freedom,A,0.37107992
melanie,X,health,A,0.30249995
melanie,X,love,A,0.3656665
melanie,X,peace,A,0.42781252
melanie,X,cheer,A,0.39664227
melanie,X,friend,A,0.27965719
melanie,X,heaven,A,0.41517553
melanie,X,loyal,A,0.282898
melanie,X,pleasure,A,0.3786798
melanie,X,diamond,A,0.44900396
melanie,X,gentle,A,0.37208065
melanie,X,honest,A,0.4117033
melanie,X,lucky,A,0.41223872
melanie,X,rainbow,A,0.4018083
melanie,X,diploma,A,0.37727806
melanie,X,gift,A,0.414299
melanie,X,honor,A,0.33366847
melanie,X,miracle,A,0.39640254
melanie,X,sunrise,A,0.45828646
melanie,X,family,A,0.2417691
melanie,X,happy,A,0.4117658
melanie,X,laughter,A,0.3616687
melanie,X,paradise,A,0.47305477
melanie,X,vacation,A,0.44971722
melanie,X,abuse,B,0.3540886
melanie,X,crash,B,0.4513275
melanie,X,filth,B,0.35236597
melanie,X,murder,B,0.3428529
melanie,X,sickness,B,0.42732796
melanie,X,accident,B,0.3771023
melanie,X,death,B,0.35948125
melanie,X,grief,B,0.4199161
melanie,X,poison,B,0.42793
melanie,X,stink,B,0.27567518
melanie,X,assault,B,0.37539276
melanie,X,disaster,B,0.43810228
melanie,X,hatred,B,0.31427047
melanie,X,pollute,B,0.27563915
melanie,X,tragedy,B,0.33323315
melanie,X,divorce,B,0.35686392
melanie,X,jail,B,0.31283188
melanie,X,poverty,B,0.37522748
melanie,X,ugly,B,0.33166587
melanie,X,cancer,B,0.29823056
melanie,X,kill,B,0.24947469
melanie,X,rotten,B,0.35958892
melanie,X,vomit,B,0.39340746
melanie,X,agony,B,0.35636508
melanie,X,prison,B,0.37954274
sara,X,caress,A,0.37088805
sara,X,freedom,A,0.3719796
sara,X,health,A,0.3480422
sara,X,love,A,0.37546468
sara,X,peace,A,0.4006886
sara,X,cheer,A,0.3707248
sara,X,friend,A,0.4153583
sara,X,heaven,A,0.36454558
sara,X,loyal,A,0.3857906
sara,X,pleasure,A,0.3693722
sara,X,diamond,A,0.40999883
sara,X,gentle,A,0.39759097
sara,X,honest,A,0.41149274
sara,X,lucky,A,0.43819436
sara,X,rainbow,A,0.42038703
sara,X,diploma,A,0.34139985
sara,X,gift,A,0.45958796
sara,X,honor,A,0.39123425
sara,X,miracle,A,0.42596215
sara,X,sunrise,A,0.42255953
sara,X,family,A,0.35993367
sara,X,happy,A,0.35846353
sara,X,laughter,A,0.37372983
sara,X,paradise,A,0.37132093
sara,X,vacation,A,0.41289607
sara,X,abuse,B,0.38778502
sara,X,crash,B,0.39669675
sara,X,filth,B,0.20732884
sara,X,murder,B,0.36056298
sara,X,sickness,B,0.38774735
sara,X,accident,B,0.3404901
sara,X,death,B,0.35951048
sara,X,grief,B,0.4438104
sara,X,poison,B,0.43027747
sara,X,stink,B,0.26850554
sara,X,assault,B,0.40176886
sara,X,disaster,B,0.31997186
sara,X,hatred,B,0.32818347
sara,X,pollute,B,0.31388032
sara,X,tragedy,B,0.36430025
sara,X,divorce,B,0.34832746
sara,X,jail,B,0.38601533
sara,X,poverty,B,0.31827426
sara,X,ugly,B,0.28228167
sara,X,cancer,B,0.3227763
sara,X,kill,B,0.36879656
sara,X,rotten,B,0.25822628
sara,X,vomit,B,0.30886537
sara,X,agony,B,0.40145552
sara,X,prison,B,0.4141406
amber,X,caress,A,0.38214236
amber,X,freedom,A,0.38183737
amber,X,health,A,0.3522305
amber,X,love,A,0.35385638
amber,X,peace,A,0.45095173
amber,X,cheer,A,0.43059525
amber,X,friend,A,0.40351576
amber,X,heaven,A,0.35340393
amber,X,loyal,A,0.44857773
amber,X,pleasure,A,0.3436067
amber,X,diamond,A,0.5189183
amber,X,gentle,A,0.401886
amber,X,honest,A,0.36967045
amber,X,lucky,A,0.45772502
amber,X,rainbow,A,0.52528024
amber,X,diploma,A,0.36211705
amber,X,gift,A,0.46086758
amber,X,honor,A,0.42476696
amber,X,miracle,A,0.47827703
amber,X,sunrise,A,0.47589818
amber,X,family,A,0.41078117
amber,X,happy,A,0.40794408
amber,X,laughter,A,0.4599152
amber,X,paradise,A,0.38839823
amber,X,vacation,A,0.36787403
amber,X,abuse,B,0.32271945
amber,X,crash,B,0.4360036
amber,X,filth,B,0.17750108
amber,X,murder,B,0.3850894
amber,X,sickness,B,0.41634947
amber,X,accident,B,0.39151615
amber,X,death,B,0.36223006
amber,X,grief,B,0.43168288
amber,X,poison,B,0.4847494
amber,X,stink,B,0.3392903
amber,X,assault,B,0.44887134
amber,X,disaster,B,0.36331213
amber,X,hatred,B,0.28820312
amber,X,pollute,B,0.2726648
amber,X,tragedy,B,0.39012498
amber,X,divorce,B,0.42218488
amber,X,jail,B,0.42387158
amber,X,poverty,B,0.3398762
amber,X,ugly,B,0.3120277
amber,X,cancer,B,0.32317698
amber,X,kill,B,0.33020645
amber,X,rotten,B,0.28994685
amber,X,vomit,B,0.33250147
amber,X,agony,B,0.3575496
amber,X,prison,B,0.4519021
crystal,X,caress,A,0.34893057
crystal,X,freedom,A,0.42384166
crystal,X,health,A,0.3440556
crystal,X,love,A,0.3634606
crystal,X,peace,A,0.47608048
crystal,X,cheer,A,0.43081594
crystal,X,friend,A,0.40329346
crystal,X,heaven,A,0.44297957
crystal,X,loyal,A,0.38794297
crystal,X,pleasure,A,0.39027888
crystal,X,diamond,A,0.6301334
crystal,X,gentle,A,0.3765778
crystal,X,honest,A,0.3690164
crystal,X,lucky,A,0.4662392
crystal,X,rainbow,A,0.5942726
crystal,X,diploma,A,0.42184293
crystal,X,gift,A,0.49598205
crystal,X,honor,A,0.37771022
crystal,X,miracle,A,0.5368053
crystal,X,sunrise,A,0.43909475
crystal,X,family,A,0.38727325
crystal,X,happy,A,0.42297643
crystal,X,laughter,A,0.43444556
crystal,X,paradise,A,0.44436628
crystal,X,vacation,A,0.41329342
crystal,X,abuse,B,0.3620938
crystal,X,crash,B,0.4687671
crystal,X,filth,B,0.24368724
crystal,X,murder,B,0.38904536
crystal,X,sickness,B,0.43021032
crystal,X,accident,B,0.389498
crystal,X,death,B,0.36806363
crystal,X,grief,B,0.37129316
crystal,X,poison,B,0.52737695
crystal,X,stink,B,0.33203283
crystal,X,assault,B,0.405211
crystal,X,disaster,B,0.39981988
crystal,X,hatred,B,0.30939916
crystal,X,pollute,B,0.25169998
crystal,X,tragedy,B,0.37968653
crystal,X,divorce,B,0.41727203
crystal,X,jail,B,0.4252798
crystal,X,poverty,B,0.32681617
crystal,X,ugly,B,0.3500787
crystal,X,cancer,B,0.32955617
crystal,X,kill,B,0.3309476
crystal,X,rotten,B,0.30156067
crystal,X,vomit,B,0.37810367
crystal,X,agony,B,0.31411368
crystal,X,prison,B,0.49440122
katie,X,caress,A,0.3190136
katie,X,freedom,A,0.3600132
katie,X,health,A,0.3754248
katie,X,love,A,0.44544175
katie,X,peace,A,0.39615262
katie,X,cheer,A,0.44308457
katie,X,friend,A,0.4174959
katie,X,heaven,A,0.33014607
katie,X,loyal,A,0.35322374
katie,X,pleasure,A,0.31974185
katie,X,diamond,A,0.42984623
katie,X,gentle,A,0.33781493
katie,X,honest,A,0.34590015
katie,X,lucky,A,0.396514
katie,X,rainbow,A,0.41216496
katie,X,diploma,A,0.34624255
katie,X,gift,A,0.33788854
katie,X,honor,A,0.37872335
katie,X,miracle,A,0.34097213
katie,X,sunrise,A,0.39684272
katie,X,family,A,0.3003003
katie,X,happy,A,0.42425203
katie,X,laughter,A,0.39654154
katie,X,paradise,A,0.39118963
katie,X,vacation,A,0.39749172
katie,X,abuse,B,0.41455457
katie,X,crash,B,0.4288997
katie,X,filth,B,0.30409145
katie,X,murder,B,0.3616597
katie,X,sickness,B,0.38687545
katie,X,accident,B,0.34610692
katie,X,death,B,0.3304669
katie,X,grief,B,0.3920263
katie,X,poison,B,0.38987267
katie,X,stink,B,0.36995345
katie,X,assault,B,0.39299935
katie,X,disaster,B,0.37067613
katie,X,hatred,B,0.36854303
katie,X,pollute,B,0.28698713
katie,X,tragedy,B,0.34963256
katie,X,divorce,B,0.3630774
katie,X,jail,B,0.39060062
katie,X,poverty,B,0.32919735
katie,X,ugly,B,0.31030715
katie,X,cancer,B,0.36244863
katie,X,kill,B,0.35204858
katie,X,rotten,B,0.25465915
katie,X,vomit,B,0.3433572
katie,X,agony,B,0.32600737
katie,X,prison,B,0.38861585
meredith,X,caress,A,0.4467507
meredith,X,freedom,A,0.36808732
meredith,X,health,A,0.2648382
meredith,X,love,A,0.39011675
meredith,X,peace,A,0.3739015
meredith,X,cheer,A,0.353105
meredith,X,friend,A,0.27102244
meredith,X,heaven,A,0.3898469
meredith,X,loyal,A,0.31563345
meredith,X,pleasure,A,0.35656285
meredith,X,diamond,A,0.32384554
meredith,X,gentle,A,0.41961363
meredith,X,honest,A,0.3664121
meredith,X,lucky,A,0.3408174
meredith,X,rainbow,A,0.3475082
meredith,X,diploma,A,0.32107386
meredith,X,gift,A,0.3244246
meredith,X,honor,A,0.33586812
meredith,X,miracle,A,0.36045486
meredith,X,sunrise,A,0.3868294
meredith,X,family,A,0.2527236
meredith,X,happy,A,0.30841178
meredith,X,laughter,A,0.34750557
meredith,X,paradise,A,0.37972736
meredith,X,vacation,A,0.33506146
meredith,X,abuse,B,0.39602223
meredith,X,crash,B,0.31589186
meredith,X,filth,B,0.3238924
meredith,X,murder,B,0.36045268
meredith,X,sickness,B,0.34708756
meredith,X,accident,B,0.32134283
meredith,X,death,B,0.35310102
meredith,X,grief,B,0.32658386
meredith,X,poison,B,0.46858504
meredith,X,stink,B,0.25876912
meredith,X,assault,B,0.36313337
meredith,X,disaster,B,0.350052
meredith,X,hatred,B,0.3297524
meredith,X,pollute,B,0.25415266
meredith,X,tragedy,B,0.33034527
meredith,X,divorce,B,0.37444744
meredith,X,jail,B,0.2526917
meredith,X,poverty,B,0.27596515
meredith,X,ugly,B,0.35798597
meredith,X,cancer,B,0.30585712
meredith,X,kill,B,0.24013339
meredith,X,rotten,B,0.35456076
meredith,X,vomit,B,0.35198689
meredith,X,agony,B,0.34156126
meredith,X,prison,B,0.30229324
shannon,X,caress,A,0.29604822
shannon,X,freedom,A,0.36687875
shannon,X,health,A,0.25923812
shannon,X,love,A,0.32562464
shannon,X,peace,A,0.3004847
shannon,X,cheer,A,0.28103316
shannon,X,friend,A,0.31391007
shannon,X,heaven,A,0.30777586
shannon,X,loyal,A,0.31240475
shannon,X,pleasure,A,0.2563504
shannon,X,diamond,A,0.33840954
shannon,X,gentle,A,0.25869814
shannon,X,honest,A,0.31081262
shannon,X,lucky,A,0.2427086
shannon,X,rainbow,A,0.38435233
shannon,X,diploma,A,0.25745124
shannon,X,gift,A,0.34311044
shannon,X,honor,A,0.29982942
shannon,X,miracle,A,0.34270048
shannon,X,sunrise,A,0.3351001
shannon,X,family,A,0.33236793
shannon,X,happy,A,0.28915492
shannon,X,laughter,A,0.2817072
shannon,X,paradise,A,0.31161618
shannon,X,vacation,A,0.30744517
shannon,X,abuse,B,0.33451396
shannon,X,crash,B,0.29361188
shannon,X,filth,B,0.17416695
shannon,X,murder,B,0.25527993
shannon,X,sickness,B,0.28632665
shannon,X,accident,B,0.2953965
shannon,X,death,B,0.2105978
shannon,X,grief,B,0.2654084
shannon,X,poison,B,0.3174041
shannon,X,stink,B,0.22422418
shannon,X,assault,B,0.32064122
shannon,X,disaster,B,0.2395725
shannon,X,hatred,B,0.24411918
shannon,X,pollute,B,0.2367467
shannon,X,tragedy,B,0.22306076
shannon,X,divorce,B,0.36572063
shannon,X,jail,B,0.3151816
shannon,X,poverty,B,0.26422277
shannon,X,ugly,B,0.18051189
shannon,X,cancer,B,0.24731967
shannon,X,kill,B,0.2889068
shannon,X,rotten,B,0.23018342
shannon,X,vomit,B,0.22703272
shannon,X,agony,B,0.23562545
shannon,X,prison,B,0.32209146
betsy,X,caress,A,0.2774293
betsy,X,freedom,A,0.3688764
betsy,X,health,A,0.43184978
betsy,X,love,A,0.25318798
betsy,X,peace,A,0.3301511
betsy,X,cheer,A,0.42241824
betsy,X,friend,A,0.3455066
betsy,X,heaven,A,0.24035999
betsy,X,loyal,A,0.44492733
betsy,X,pleasure,A,0.31113118
betsy,X,diamond,A,0.3824455
betsy,X,gentle,A,0.3265011
betsy,X,honest,A,0.30105963
betsy,X,lucky,A,0.3591268
betsy,X,rainbow,A,0.49269336
betsy,X,diploma,A,0.4029304
betsy,X,gift,A,0.35857725
betsy,X,honor,A,0.36667567
betsy,X,miracle,A,0.40439284
betsy,X,sunrise,A,0.4246602
betsy,X,family,A,0.30871
betsy,X,happy,A,0.29847574
betsy,X,laughter,A,0.34674558
betsy,X,paradise,A,0.30076814
betsy,X,vacation,A,0.3558322
betsy,X,abuse,B,0.33496934
betsy,X,crash,B,0.4402507
betsy,X,filth,B,0.20540296
betsy,X,murder,B,0.35848027
betsy,X,sickness,B,0.42087126
betsy,X,accident,B,0.34398025
betsy,X,death,B,0.28350064
betsy,X,grief,B,0.34241825
betsy,X,poison,B,0.3929398
betsy,X,stink,B,0.4056065
betsy,X,assault,B,0.42161483
betsy,X,disaster,B,0.3735618
betsy,X,hatred,B,0.31872204
betsy,X,pollute,B,0.34227532
betsy,X,tragedy,B,0.3392964
betsy,X,divorce,B,0.37507147
betsy,X,jail,B,0.3356483
betsy,X,poverty,B,0.37294707
betsy,X,ugly,B,0.2482681
betsy,X,cancer,B,0.30838507
betsy,X,kill,B,0.31772968
betsy,X,rotten,B,0.34564957
betsy,X,vomit,B,0.38490254
betsy,X,agony,B,0.27804255
betsy,X,prison,B,0.3193368
donna,X,caress,A,0.34361655
donna,X,freedom,A,0.40404975
donna,X,health,A,0.39918986
donna,X,love,A,0.3202998
donna,X,peace,A,0.42217696
donna,X,cheer,A,0.43865505
donna,X,friend,A,0.37644672
donna,X,heaven,A,0.33517244
donna,X,loyal,A,0.3925954
donna,X,pleasure,A,0.36523435
donna,X,diamond,A,0.35566455
donna,X,gentle,A,0.3512373
donna,X,honest,A,0.29783744
donna,X,lucky,A,0.42210713
donna,X,rainbow,A,0.43950713
donna,X,diploma,A,0.39910084
donna,X,gift,A,0.35954976
donna,X,honor,A,0.3679916
donna,X,miracle,A,0.44875598
donna,X,sunrise,A,0.47111836
donna,X,family,A,0.3182186
donna,X,happy,A,0.39192286
donna,X,laughter,A,0.39696506
donna,X,paradise,A,0.3517762
donna,X,vacation,A,0.42230493
donna,X,abuse,B,0.32071793
donna,X,crash,B,0.38969904
donna,X,filth,B,0.24962163
donna,X,murder,B,0.3796761
donna,X,sickness,B,0.42145467
donna,X,accident,B,0.4034023
donna,X,death,B,0.35669744
donna,X,grief,B,0.38327527
donna,X,poison,B,0.368365
donna,X,stink,B,0.3098935
donna,X,assault,B,0.4320724
donna,X,disaster,B,0.37058282
donna,X,hatred,B,0.31233633
donna,X,pollute,B,0.28283918
donna,X,tragedy,B,0.40255857
donna,X,divorce,B,0.41542095
donna,X,jail,B,0.3429331
donna,X,poverty,B,0.33921364
donna,X,ugly,B,0.32395667
donna,X,cancer,B,0.36729693
donna,X,kill,B,0.32673636
donna,X,rotten,B,0.2572912
donna,X,vomit,B,0.3317752
donna,X,agony,B,0.320071
donna,X,prison,B,0.3752708
kristin,X,caress,A,0.34548113
kristin,X,freedom,A,0.34515887
kristin,X,health,A,0.27687448
kristin,X,love,A,0.3848102
kristin,X,peace,A,0.34605986
kristin,X,cheer,A,0.39751136
kristin,X,friend,A,0.33100408
kristin,X,heaven,A,0.33625758
kristin,X,loyal,A,0.37660712
kristin,X,pleasure,A,0.36546522
kristin,X,diamond,A,0.36649597
kristin,X,gentle,A,0.32916212
kristin,X,honest,A,0.30758345
kristin,X,lucky,A,0.41175663
kristin,X,rainbow,A,0.40468243
kristin,X,diploma,A,0.34387183
kristin,X,gift,A,0.3352676
kristin,X,honor,A,0.36581358
kristin,X,miracle,A,0.3863757
kristin,X,sunrise,A,0.32878903
kristin,X,family,A,0.29026476
kristin,X,happy,A,0.3629369
kristin,X,laughter,A,0.32532555
kristin,X,paradise,A,0.33538544
kristin,X,vacation,A,0.31863695
kristin,X,abuse,B,0.3989286
kristin,X,crash,B,0.38932902
kristin,X,filth,B,0.2479448
kristin,X,murder,B,0.36185798
kristin,X,sickness,B,0.3014637
kristin,X,accident,B,0.3605304
kristin,X,death,B,0.29558507
kristin,X,grief,B,0.3646859
kristin,X,poison,B,0.3756773
kristin,X,stink,B,0.33774412
kristin,X,assault,B,0.38149405
kristin,X,disaster,B,0.3466956
kristin,X,hatred,B,0.35289592
kristin,X,pollute,B,0.27788353
kristin,X,tragedy,B,0.3401063
kristin,X,divorce,B,0.4157138
kristin,X,jail,B,0.31407976
kristin,X,poverty,B,0.2860352
kristin,X,ugly,B,0.27566475
kristin,X,cancer,B,0.33394367
kristin,X,kill,B,0.29163322
kristin,X,rotten,B,0.32231012
kristin,X,vomit,B,0.33621937
kristin,X,agony,B,0.32155228
kristin,X,prison,B,0.31571922
nancy,X,caress,A,0.39546686
nancy,X,freedom,A,0.37272877
nancy,X,health,A,0.3786366
nancy,X,love,A,0.42444494
nancy,X,peace,A,0.40975514
nancy,X,cheer,A,0.3596916
nancy,X,friend,A,0.4009341
nancy,X,heaven,A,0.31596762
nancy,X,loyal,A,0.41558278
nancy,X,pleasure,A,0.3061695
nancy,X,diamond,A,0.4605519
nancy,X,gentle,A,0.3786276
nancy,X,honest,A,0.34123725
nancy,X,lucky,A,0.46161136
nancy,X,rainbow,A,0.48664218
nancy,X,diploma,A,0.38434967
nancy,X,gift,A,0.3841144
nancy,X,honor,A,0.36217722
nancy,X,miracle,A,0.38505894
nancy,X,sunrise,A,0.40641809
nancy,X,family,A,0.4179975
nancy,X,happy,A,0.3999134
nancy,X,laughter,A,0.40497738
nancy,X,paradise,A,0.34016487
nancy,X,vacation,A,0.37506205
nancy,X,abuse,B,0.3657741
nancy,X,crash,B,0.40752795
nancy,X,filth,B,0.21627465
nancy,X,murder,B,0.43515307
nancy,X,sickness,B,0.39794505
nancy,X,accident,B,0.3862896
nancy,X,death,B,0.3686757
nancy,X,grief,B,0.37799898
nancy,X,poison,B,0.41601062
nancy,X,stink,B,0.34266812
nancy,X,assault,B,0.4106115
nancy,X,disaster,B,0.36130276
nancy,X,hatred,B,0.37128133
nancy,X,pollute,B,0.27593738
nancy,X,tragedy,B,0.39643025
nancy,X,divorce,B,0.45255244
nancy,X,jail,B,0.3578999
nancy,X,poverty,B,0.31377888
nancy,X,ugly,B,0.363954
nancy,X,cancer,B,0.4066168
nancy,X,kill,B,0.3745412
nancy,X,rotten,B,0.22307244
nancy,X,vomit,B,0.3383806
nancy,X,agony,B,0.3393193
nancy,X,prison,B,0.40175468
stephanie,X,caress,A,0.30207303
stephanie,X,freedom,A,0.3839516
stephanie,X,health,A,0.40190697
stephanie,X,love,A,0.29096043
stephanie,X,peace,A,0.44372913
stephanie,X,cheer,A,0.4242791
stephanie,X,friend,A,0.36384818
stephanie,X,heaven,A,0.34863085
stephanie,X,loyal,A,0.36654097
stephanie,X,pleasure,A,0.33868206
stephanie,X,diamond,A,0.4254833
stephanie,X,gentle,A,0.3449431
stephanie,X,honest,A,0.28366795
stephanie,X,lucky,A,0.33954763
stephanie,X,rainbow,A,0.47753724
stephanie,X,diploma,A,0.42243215
stephanie,X,gift,A,0.36645526
stephanie,X,honor,A,0.32599622
stephanie,X,miracle,A,0.39887825
stephanie,X,sunrise,A,0.40984833
stephanie,X,family,A,0.34086102
stephanie,X,happy,A,0.37320536
stephanie,X,laughter,A,0.39831495
stephanie,X,paradise,A,0.37787595
stephanie,X,vacation,A,0.3546791
stephanie,X,abuse,B,0.36648184
stephanie,X,crash,B,0.39174706
stephanie,X,filth,B,0.24392265
stephanie,X,murder,B,0.3925158
stephanie,X,sickness,B,0.38968715
stephanie,X,accident,B,0.36167812
stephanie,X,death,B,0.3716148
stephanie,X,grief,B,0.34915262
stephanie,X,poison,B,0.4046312
stephanie,X,stink,B,0.29871094
stephanie,X,assault,B,0.41085178
stephanie,X,disaster,B,0.3851195
stephanie,X,hatred,B,0.31559527
stephanie,X,pollute,B,0.24629472
stephanie,X,tragedy,B,0.3486285
stephanie,X,divorce,B,0.4359689
stephanie,X,jail,B,0.37535667
stephanie,X,poverty,B,0.34569305
stephanie,X,ugly,B,0.31248093
stephanie,X,cancer,B,0.35628542
stephanie,X,kill,B,0.31712377
stephanie,X,rotten,B,0.31179202
stephanie,X,vomit,B,0.3874605
stephanie,X,agony,B,0.25580156
stephanie,X,prison,B,0.40862644
bobbie-sue,X,caress,A,0.30815205
bobbie-sue,X,freedom,A,0.2546212
bobbie-sue,X,health,A,0.26461688
bobbie-sue,X,love,A,0.2853765
bobbie-sue,X,peace,A,0.28442937
bobbie-sue,X,cheer,A,0.2924603
bobbie-sue,X,friend,A,0.23260668
bobbie-sue,X,heaven,A,0.2538571
bobbie-sue,X,loyal,A,0.28053185
bobbie-sue,X,pleasure,A,0.23342045
bobbie-sue,X,diamond,A,0.2813635
bobbie-sue,X,gentle,A,0.30012038
bobbie-sue,X,honest,A,0.26017368
bobbie-sue,X,lucky,A,0.29195493
bobbie-sue,X,rainbow,A,0.2846176
bobbie-sue,X,diploma,A,0.2822845
bobbie-sue,X,gift,A,0.20027876
bobbie-sue,X,honor,A,0.2151806
bobbie-sue,X,miracle,A,0.28528976
bobbie-sue,X,sunrise,A,0.28826016
bobbie-sue,X,family,A,0.17775409
bobbie-sue,X,happy,A,0.31583527
bobbie-sue,X,laughter,A,0.31066483
bobbie-sue,X,paradise,A,0.25665048
bobbie-sue,X,vacation,A,0.28384563
bobbie-sue,X,abuse,B,0.26600894
bobbie-sue,X,crash,B,0.28920925
bobbie-sue,X,filth,B,0.33573183
bobbie-sue,X,murder,B,0.28044444
bobbie-sue,X,sickness,B,0.25366136
bobbie-sue,X,accident,B,0.24412735
bobbie-sue,X,death,B,0.2579033
bobbie-sue,X,grief,B,0.23723052
bobbie-sue,X,poison,B,0.28450054
bobbie-sue,X,stink,B,0.3202681
bobbie-sue,X,assault,B,0.29755473
bobbie-sue,X,disaster,B,0.214571
bobbie-sue,X,hatred,B,0.278115
bobbie-sue,X,pollute,B,0.3123076
bobbie-sue,X,tragedy,B,0.21211332
bobbie-sue,X,divorce,B,0.31144768
bobbie-sue,X,jail,B,0.2736079
bobbie-sue,X,poverty,B,0.23255493
bobbie-sue,X,ugly,B,0.29647422
bobbie-sue,X,cancer,B,0.29577798
bobbie-sue,X,kill,B,0.25153366
bobbie-sue,X,rotten,B,0.32072395
bobbie-sue,X,vomit,B,0.314498
bobbie-sue,X,agony,B,0.23867458
bobbie-sue,X,prison,B,0.25688943
ellen,X,caress,A,0.35228324
ellen,X,freedom,A,0.36055285
ellen,X,health,A,0.38599074
ellen,X,love,A,0.36589205
ellen,X,peace,A,0.37800846
ellen,X,cheer,A,0.38838568
ellen,X,friend,A,0.3980012
ellen,X,heaven,A,0.29192704
ellen,X,loyal,A,0.4503652
ellen,X,pleasure,A,0.32733852
ellen,X,diamond,A,0.43326545
ellen,X,gentle,A,0.39208084
ellen,X,honest,A,0.2862296
ellen,X,lucky,A,0.43617564
ellen,X,rainbow,A,0.4897609
ellen,X,diploma,A,0.32327002
ellen,X,gift,A,0.40597263
ellen,X,honor,A,0.41693628
ellen,X,miracle,A,0.4329294
ellen,X,sunrise,A,0.36729836
ellen,X,family,A,0.41763014
ellen,X,happy,A,0.35636145
ellen,X,laughter,A,0.41013458
ellen,X,paradise,A,0.32057405
ellen,X,vacation,A,0.38040304
ellen,X,abuse,B,0.40074643
ellen,X,crash,B,0.43030316
ellen,X,filth,B,0.17843997
ellen,X,murder,B,0.3775223
ellen,X,sickness,B,0.39949158
ellen,X,accident,B,0.39912206
ellen,X,death,B,0.34157562
ellen,X,grief,B,0.37364048
ellen,X,poison,B,0.44375482
ellen,X,stink,B,0.32481998
ellen,X,assault,B,0.41597944
ellen,X,disaster,B,0.3628373
ellen,X,hatred,B,0.3358623
ellen,X,pollute,B,0.22840418
ellen,X,tragedy,B,0.3832581
ellen,X,divorce,B,0.39832217
ellen,X,jail,B,0.36551762
ellen,X,poverty,B,0.34743202
ellen,X,ugly,B,0.28122905
ellen,X,cancer,B,0.3527071
ellen,X,kill,B,0.36401707
ellen,X,rotten,B,0.29348686
ellen,X,vomit,B,0.2918598
ellen,X,agony,B,0.3231777
ellen,X,prison,B,0.39332056
lauren,X,caress,A,0.3774648
lauren,X,freedom,A,0.3580539
lauren,X,health,A,0.29524052
lauren,X,love,A,0.35819212
lauren,X,peace,A,0.38338047
lauren,X,cheer,A,0.43787527
lauren,X,friend,A,0.35972106
lauren,X,heaven,A,0.34839815
lauren,X,loyal,A,0.3957348
lauren,X,pleasure,A,0.36792433
lauren,X,diamond,A,0.41010597
lauren,X,gentle,A,0.37334162
lauren,X,honest,A,0.37904787
lauren,X,lucky,A,0.4381329
lauren,X,rainbow,A,0.42731154
lauren,X,diploma,A,0.3476265
lauren,X,gift,A,0.3696556
lauren,X,honor,A,0.37598678
lauren,X,miracle,A,0.41444674
lauren,X,sunrise,A,0.44913203
lauren,X,family,A,0.3052573
lauren,X,happy,A,0.40897155
lauren,X,laughter,A,0.38538444
lauren,X,paradise,A,0.36251843
lauren,X,vacation,A,0.41245377
lauren,X,abuse,B,0.3765533
lauren,X,crash,B,0.41271836
lauren,X,filth,B,0.26020497
lauren,X,murder,B,0.3598592
lauren,X,sickness,B,0.30994976
lauren,X,accident,B,0.35432076
lauren,X,death,B,0.29510063
lauren,X,grief,B,0.36998925
lauren,X,poison,B,0.42327288
lauren,X,stink,B,0.33084038
lauren,X,assault,B,0.4258629
lauren,X,disaster,B,0.33492786
lauren,X,hatred,B,0.29694223
lauren,X,pollute,B,0.2575922
lauren,X,tragedy,B,0.3339298
lauren,X,divorce,B,0.38572347
lauren,X,jail,B,0.3397051
lauren,X,poverty,B,0.30273706
lauren,X,ugly,B,0.32886165
lauren,X,cancer,B,0.2964359
lauren,X,kill,B,0.33339027
lauren,X,rotten,B,0.3324952
lauren,X,vomit,B,0.31792885
lauren,X,agony,B,0.2885586
lauren,X,prison,B,0.3709269
peggy,X,caress,A,0.31641257
peggy,X,freedom,A,0.30854458
peggy,X,health,A,0.38754183
peggy,X,love,A,0.34655735
peggy,X,peace,A,0.3051524
peggy,X,cheer,A,0.3817102
peggy,X,friend,A,0.3766033
peggy,X,heaven,A,0.25013712
peggy,X,loyal,A,0.4231907
peggy,X,pleasure,A,0.34042707
peggy,X,diamond,A,0.3735462
peggy,X,gentle,A,0.345507
peggy,X,honest,A,0.31245917
peggy,X,lucky,A,0.42372388
peggy,X,rainbow,A,0.45355058
peggy,X,diploma,A,0.36516625
peggy,X,gift,A,0.36787608
peggy,X,honor,A,0.3565814
peggy,X,miracle,A,0.37687254
peggy,X,sunrise,A,0.34751952
peggy,X,family,A,0.3280997
peggy,X,happy,A,0.35478535
peggy,X,laughter,A,0.3895753
peggy,X,paradise,A,0.30710775
peggy,X,vacation,A,0.33270103
peggy,X,abuse,B,0.3130722
peggy,X,crash,B,0.35498023
peggy,X,filth,B,0.17323
peggy,X,murder,B,0.36440217
peggy,X,sickness,B,0.34124872
peggy,X,accident,B,0.3463533
peggy,X,death,B,0.28158444
peggy,X,grief,B,0.31468427
peggy,X,poison,B,0.40512955
peggy,X,stink,B,0.35497344
peggy,X,assault,B,0.36525977
peggy,X,disaster,B,0.31371439
peggy,X,hatred,B,0.3123252
peggy,X,pollute,B,0.27079755
peggy,X,tragedy,B,0.33918166
peggy,X,divorce,B,0.42191333
peggy,X,jail,B,0.31922674
peggy,X,poverty,B,0.30656618
peggy,X,ugly,B,0.2385129
peggy,X,cancer,B,0.3383512
peggy,X,kill,B,0.30514562
peggy,X,rotten,B,0.25120425
peggy,X,vomit,B,0.37105393
peggy,X,agony,B,0.28841463
peggy,X,prison,B,0.31538242
sue-ellen,X,caress,A,0.304792
sue-ellen,X,freedom,A,0.26739758
sue-ellen,X,health,A,0.34230295
sue-ellen,X,love,A,0.32983086
sue-ellen,X,peace,A,0.2962912
sue-ellen,X,cheer,A,0.3308453
sue-ellen,X,friend,A,0.31604722
sue-ellen,X,heaven,A,0.24461167
sue-ellen,X,loyal,A,0.31983185
sue-ellen,X,pleasure,A,0.26095733
sue-ellen,X,diamond,A,0.30229813
sue-ellen,X,gentle,A,0.29356673
sue-ellen,X,honest,A,0.2923156
sue-ellen,X,lucky,A,0.34360456
sue-ellen,X,rainbow,A,0.3720434
sue-ellen,X,diploma,A,0.2678154
sue-ellen,X,gift,A,0.26302058
sue-ellen,X,honor,A,0.2922144
sue-ellen,X,miracle,A,0.33341855
sue-ellen,X,sunrise,A,0.3137335
sue-ellen,X,family,A,0.28522494
sue-ellen,X,happy,A,0.32516482
sue-ellen,X,laughter,A,0.3751456
sue-ellen,X,paradise,A,0.27235866
sue-ellen,X,vacation,A,0.32386696
sue-ellen,X,abuse,B,0.30268526
sue-ellen,X,crash,B,0.38807422
sue-ellen,X,filth,B,0.27252623
sue-ellen,X,murder,B,0.3264009
sue-ellen,X,sickness,B,0.3191591
sue-ellen,X,accident,B,0.3539673
sue-ellen,X,death,B,0.2958247
sue-ellen,X,grief,B,0.28953025
sue-ellen,X,poison,B,0.35051137
sue-ellen,X,stink,B,0.33670914
sue-ellen,X,assault,B,0.3584345
sue-ellen,X,disaster,B,0.31100523
sue-ellen,X,hatred,B,0.2847767
sue-ellen,X,pollute,B,0.31038398
sue-ellen,X,tragedy,B,0.3015555
sue-ellen,X,divorce,B,0.35005024
sue-ellen,X,jail,B,0.29382646
sue-ellen,X,poverty,B,0.27493224
sue-ellen,X,ugly,B,0.2748881
sue-ellen,X,cancer,B,0.31933653
sue-ellen,X,kill,B,0.3328642
sue-ellen,X,rotten,B,0.34299785
sue-ellen,X,vomit,B,0.32927227
sue-ellen,X,agony,B,0.2583313
sue-ellen,X,prison,B,0.30168286
colleen,X,caress,A,0.34857577
colleen,X,freedom,A,0.3415652
colleen,X,health,A,0.32412478
colleen,X,love,A,0.2836963
colleen,X,peace,A,0.36288968
colleen,X,cheer,A,0.42228514
colleen,X,friend,A,0.348524
colleen,X,heaven,A,0.32080364
colleen,X,loyal,A,0.39953375
colleen,X,pleasure,A,0.33055747
colleen,X,diamond,A,0.3948065
colleen,X,gentle,A,0.37575737
colleen,X,honest,A,0.3570733
colleen,X,lucky,A,0.43783695
colleen,X,rainbow,A,0.4566846
colleen,X,diploma,A,0.40829355
colleen,X,gift,A,0.36080235
colleen,X,honor,A,0.41936123
colleen,X,miracle,A,0.41380167
colleen,X,sunrise,A,0.415991
colleen,X,family,A,0.29280794
colleen,X,happy,A,0.31405157
colleen,X,laughter,A,0.3394751
colleen,X,paradise,A,0.35205817
colleen,X,vacation,A,0.38635877
colleen,X,abuse,B,0.33793098
colleen,X,crash,B,0.47667944
colleen,X,filth,B,0.2722219
colleen,X,murder,B,0.41121083
colleen,X,sickness,B,0.41350335
colleen,X,accident,B,0.4169172
colleen,X,death,B,0.37766922
colleen,X,grief,B,0.33365667
colleen,X,poison,B,0.452556
colleen,X,stink,B,0.31717137
colleen,X,assault,B,0.4031148
colleen,X,disaster,B,0.415547
colleen,X,hatred,B,0.34260994
colleen,X,pollute,B,0.32299384
colleen,X,tragedy,B,0.39782768
colleen,X,divorce,B,0.34099817
colleen,X,jail,B,0.3158255
colleen,X,poverty,B,0.34962124
colleen,X,ugly,B,0.31277347
colleen,X,cancer,B,0.29080275
colleen,X,kill,B,0.30432522
colleen,X,rotten,B,0.35662153
colleen,X,vomit,B,0.36847067
colleen,X,agony,B,0.33621496
colleen,X,prison,B,0.34345195
emily,X,caress,A,0.32507184
emily,X,freedom,A,0.38798693
emily,X,health,A,0.3002062
emily,X,love,A,0.32359838
emily,X,peace,A,0.32120806
emily,X,cheer,A,0.41901252
emily,X,friend,A,0.34400362
emily,X,heaven,A,0.37309024
emily,X,loyal,A,0.31611925
emily,X,pleasure,A,0.29612315
emily,X,diamond,A,0.3895035
emily,X,gentle,A,0.34712905
emily,X,honest,A,0.35462976
emily,X,lucky,A,0.39148477
emily,X,rainbow,A,0.46015137
emily,X,diploma,A,0.39655465
emily,X,gift,A,0.36599267
emily,X,honor,A,0.3243185
emily,X,miracle,A,0.36443508
emily,X,sunrise,A,0.43380898
emily,X,family,A,0.3024369
emily,X,happy,A,0.31446552
emily,X,laughter,A,0.31168061
emily,X,paradise,A,0.41210425
emily,X,vacation,A,0.37196505
emily,X,abuse,B,0.3646652
emily,X,crash,B,0.41462255
emily,X,filth,B,0.31045556
emily,X,murder,B,0.36223125
emily,X,sickness,B,0.37546247
emily,X,accident,B,0.3670396
emily,X,death,B,0.34097314
emily,X,grief,B,0.33128142
emily,X,poison,B,0.438436
emily,X,stink,B,0.27361792
emily,X,assault,B,0.4408515
emily,X,disaster,B,0.3598171
emily,X,hatred,B,0.33233738
emily,X,pollute,B,0.3548147
emily,X,tragedy,B,0.33097515
emily,X,divorce,B,0.33270597
emily,X,jail,B,0.346483
emily,X,poverty,B,0.32488972
emily,X,ugly,B,0.34620267
emily,X,cancer,B,0.32011986
emily,X,kill,B,0.3132944
emily,X,rotten,B,0.3298242
emily,X,vomit,B,0.38987744
emily,X,agony,B,0.3179059
emily,X,prison,B,0.39423507
megan,X,caress,A,0.35604444
megan,X,freedom,A,0.41769058
megan,X,health,A,0.27488312
megan,X,love,A,0.3634432
megan,X,peace,A,0.3820572
megan,X,cheer,A,0.39655823
megan,X,friend,A,0.3492632
megan,X,heaven,A,0.3498429
megan,X,loyal,A,0.38898852
megan,X,pleasure,A,0.37989068
megan,X,diamond,A,0.39689845
megan,X,gentle,A,0.3876515
megan,X,honest,A,0.31569988
megan,X,lucky,A,0.43736273
megan,X,rainbow,A,0.38126957
megan,X,diploma,A,0.36221695
megan,X,gift,A,0.3551396
megan,X,honor,A,0.3793854
megan,X,miracle,A,0.3834629
megan,X,sunrise,A,0.38161376
megan,X,family,A,0.29792172
megan,X,happy,A,0.42570618
megan,X,laughter,A,0.41948217
megan,X,paradise,A,0.37062547
megan,X,vacation,A,0.4390374
megan,X,abuse,B,0.33979818
megan,X,crash,B,0.40561503
megan,X,filth,B,0.29567647
megan,X,murder,B,0.34113228
megan,X,sickness,B,0.3360877
megan,X,accident,B,0.32178152
megan,X,death,B,0.35357338
megan,X,grief,B,0.39611474
megan,X,poison,B,0.40298516
megan,X,stink,B,0.29081106
megan,X,assault,B,0.34870502
megan,X,disaster,B,0.32876956
megan,X,hatred,B,0.33788562
megan,X,pollute,B,0.2967523
megan,X,tragedy,B,0.37552822
megan,X,divorce,B,0.40761784
megan,X,jail,B,0.34091073
megan,X,poverty,B,0.30551815
megan,X,ugly,B,0.32613778
megan,X,cancer,B,0.33432052
megan,X,kill,B,0.29172027
megan,X,rotten,B,0.24248633
megan,X,vomit,B,0.33331552
megan,X,agony,B,0.3248175
megan,X,prison,B,0.39862168
rachel,X,caress,A,0.3829466
rachel,X,freedom,A,0.43020967
rachel,X,health,A,0.3896138
rachel,X,love,A,0.38318503
rachel,X,peace,A,0.42409497
rachel,X,cheer,A,0.36764833
rachel,X,friend,A,0.40121472
rachel,X,heaven,A,0.36905164
rachel,X,loyal,A,0.36338922
rachel,X,pleasure,A,0.3634196
rachel,X,diamond,A,0.48011893
rachel,X,gentle,A,0.37791535
rachel,X,honest,A,0.38960516
rachel,X,lucky,A,0.38619232
rachel,X,rainbow,A,0.47720394
rachel,X,diploma,A,0.41394764
rachel,X,gift,A,0.43755782
rachel,X,honor,A,0.4146307
rachel,X,miracle,A,0.43960196
rachel,X,sunrise,A,0.43623275
rachel,X,family,A,0.32041705
rachel,X,happy,A,0.3720232
rachel,X,laughter,A,0.3798267
rachel,X,paradise,A,0.3922648
rachel,X,vacation,A,0.436985
rachel,X,abuse,B,0.38429278
rachel,X,crash,B,0.4421623
rachel,X,filth,B,0.29863828
rachel,X,murder,B,0.38988557
rachel,X,sickness,B,0.3925334
rachel,X,accident,B,0.40248388
rachel,X,death,B,0.38440037
rachel,X,grief,B,0.4160806
rachel,X,poison,B,0.47679937
rachel,X,stink,B,0.33031237
rachel,X,assault,B,0.40672868
rachel,X,disaster,B,0.40842426
rachel,X,hatred,B,0.35469735
rachel,X,pollute,B,0.3595088
rachel,X,tragedy,B,0.37910876
rachel,X,divorce,B,0.38764918
rachel,X,jail,B,0.35409868
rachel,X,poverty,B,0.32822323
rachel,X,ugly,B,0.35402757
rachel,X,cancer,B,0.36228502
rachel,X,kill,B,0.33883035
rachel,X,rotten,B,0.2826737
rachel,X,vomit,B,0.33083418
rachel,X,agony,B,0.3754877
rachel,X,prison,B,0.38570845
wendy,X,caress,A,0.35687625
wendy,X,freedom,A,0.33632556
wendy,X,health,A,0.37013486
wendy,X,love,A,0.31153023
wendy,X,peace,A,0.34649473
wendy,X,cheer,A,0.37665182
wendy,X,friend,A,0.31710365
wendy,X,heaven,A,0.3074265
wendy,X,loyal,A,0.35505885
wendy,X,pleasure,A,0.34325385
wendy,X,diamond,A,0.3999804
wendy,X,gentle,A,0.35874042
wendy,X,honest,A,0.357932
wendy,X,lucky,A,0.3770122
wendy,X,rainbow,A,0.48216623
wendy,X,diploma,A,0.38075987
wendy,X,gift,A,0.37894744
wendy,X,honor,A,0.3525213
wendy,X,miracle,A,0.37432802
wendy,X,sunrise,A,0.431998
wendy,X,family,A,0.3080644
wendy,X,happy,A,0.32277268
wendy,X,laughter,A,0.35842502
wendy,X,paradise,A,0.34166896
wendy,X,vacation,A,0.38517076
wendy,X,abuse,B,0.3180841
wendy,X,crash,B,0.43185076
wendy,X,filth,B,0.24704528
wendy,X,murder,B,0.38807356
wendy,X,sickness,B,0.361058
wendy,X,accident,B,0.33919874
wendy,X,death,B,0.34110162
wendy,X,grief,B,0.39066064
wendy,X,poison,B,0.4212284
wendy,X,stink,B,0.3590374
wendy,X,assault,B,0.35460937
wendy,X,disaster,B,0.35027337
wendy,X,hatred,B,0.31545436
wendy,X,pollute,B,0.26294994
wendy,X,tragedy,B,0.3860128
wendy,X,divorce,B,0.40388578
wendy,X,jail,B,0.29495358
wendy,X,poverty,B,0.3772925
wendy,X,ugly,B,0.29739088
wendy,X,cancer,B,0.37740257
wendy,X,kill,B,0.32510877
wendy,X,rotten,B,0.34003916
wendy,X,vomit,B,0.37020165
wendy,X,agony,B,0.30304575
wendy,X,prison,B,0.3303186
alonzo,Y,caress,A,0.290555
alonzo,Y,freedom,A,0.30998576
alonzo,Y,health,A,0.26502526
alonzo,Y,love,A,0.31828403
alonzo,Y,peace,A,0.3007768
alonzo,Y,cheer,A,0.337302
alonzo,Y,friend,A,0.25212988
alonzo,Y,heaven,A,0.35702783
alonzo,Y,loyal,A,0.2295002
alonzo,Y,pleasure,A,0.32515523
alonzo,Y,diamond,A,0.2820332
alonzo,Y,gentle,A,0.232484
alonzo,Y,honest,A,0.239839
alonzo,Y,lucky,A,0.33537915
alonzo,Y,rainbow,A,0.30132362
alonzo,Y,diploma,A,0.28133905
alonzo,Y,gift,A,0.26495296
alonzo,Y,honor,A,0.36964417
alonzo,Y,miracle,A,0.28542012
alonzo,Y,sunrise,A,0.34943742
alonzo,Y,family,A,0.20529476
alonzo,Y,happy,A,0.33687034
alonzo,Y,laughter,A,0.28554067
alonzo,Y,paradise,A,0.3395711
alonzo,Y,vacation,A,0.327087
alonzo,Y,abuse,B,0.3262275
alonzo,Y,crash,B,0.29319397
alonzo,Y,filth,B,0.3787868
alonzo,Y,murder,B,0.3317169
alonzo,Y,sickness,B,0.29525405
alonzo,Y,accident,B,0.3349707
alonzo,Y,death,B,0.32659417
alonzo,Y,grief,B,0.3023494
alonzo,Y,poison,B,0.27970988
alonzo,Y,stink,B,0.30769205
alonzo,Y,assault,B,0.3601613
alonzo,Y,disaster,B,0.30477464
alonzo,Y,hatred,B,0.304438
alonzo,Y,pollute,B,0.35799444
alonzo,Y,tragedy,B,0.3073451
alonzo,Y,divorce,B,0.2664795
alonzo,Y,jail,B,0.27377433
alonzo,Y,poverty,B,0.28935766
alonzo,Y,ugly,B,0.31219685
alonzo,Y,cancer,B,0.24739371
alonzo,Y,kill,B,0.28649944
alonzo,Y,rotten,B,0.3257944
alonzo,Y,vomit,B,0.39003474
alonzo,Y,agony,B,0.32059
alonzo,Y,prison,B,0.28072497
jamel,Y,caress,A,0.38891226
jamel,Y,freedom,A,0.40152618
jamel,Y,health,A,0.40802252
jamel,Y,love,A,0.41890314
jamel,Y,peace,A,0.44090268
jamel,Y,cheer,A,0.4315505
jamel,Y,friend,A,0.43718952
jamel,Y,heaven,A,0.39959532
jamel,Y,loyal,A,0.39006633
jamel,Y,pleasure,A,0.3699232
jamel,Y,diamond,A,0.46615723
jamel,Y,gentle,A,0.38342476
jamel,Y,honest,A,0.37984145
jamel,Y,lucky,A,0.39597693
jamel,Y,rainbow,A,0.44319883
jamel,Y,diploma,A,0.43778905
jamel,Y,gift,A,0.42099047
jamel,Y,honor,A,0.39154756
jamel,Y,miracle,A,0.40425068
jamel,Y,sunrise,A,0.43324155
jamel,Y,family,A,0.37623549
jamel,Y,happy,A,0.42089772
jamel,Y,laughter,A,0.42444062
jamel,Y,paradise,A,0.4116701
jamel,Y,vacation,A,0.42086127
jamel,Y,abuse,B,0.41266036
jamel,Y,crash,B,0.5078714
jamel,Y,filth,B,0.35327536
jamel,Y,murder,B,0.40106398
jamel,Y,sickness,B,0.41291058
jamel,Y,accident,B,0.38206127
jamel,Y,death,B,0.37501335
jamel,Y,grief,B,0.42569268
jamel,Y,poison,B,0.4229445
jamel,Y,stink,B,0.36953524
jamel,Y,assault,B,0.44878376
jamel,Y,disaster,B,0.42765823
jamel,Y,hatred,B,0.357015
jamel,Y,pollute,B,0.37446398
jamel,Y,tragedy,B,0.36710268
jamel,Y,divorce,B,0.41060203
jamel,Y,jail,B,0.44728723
jamel,Y,poverty,B,0.3440931
jamel,Y,ugly,B,0.34453392
jamel,Y,cancer,B,0.35705578
jamel,Y,kill,B,0.39883548
jamel,Y,rotten,B,0.3257296
jamel,Y,vomit,B,0.37189454
jamel,Y,agony,B,0.3487444
jamel,Y,prison,B,0.4492094
lerone,Y,caress,A,0.42753
lerone,Y,freedom,A,0.37559986
lerone,Y,health,A,0.38530454
lerone,Y,love,A,0.38668224
lerone,Y,peace,A,0.37616095
lerone,Y,cheer,A,0.3639295
lerone,Y,friend,A,0.42797494
lerone,Y,heaven,A,0.35784304
lerone,Y,loyal,A,0.4581779
lerone,Y,pleasure,A,0.39652866
lerone,Y,diamond,A,0.53057337
lerone,Y,gentle,A,0.48844516
lerone,Y,honest,A,0.32467604
lerone,Y,lucky,A,0.39338058
lerone,Y,rainbow,A,0.46937746
lerone,Y,diploma,A,0.39481965
lerone,Y,gift,A,0.46042213
lerone,Y,honor,A,0.41361395
lerone,Y,miracle,A,0.4047063
lerone,Y,sunrise,A,0.43391874
lerone,Y,family,A,0.41636533
lerone,Y,happy,A,0.4056365
lerone,Y,laughter,A,0.37755334
lerone,Y,paradise,A,0.37051812
lerone,Y,vacation,A,0.39430946
lerone,Y,abuse,B,0.37098455
lerone,Y,crash,B,0.39485672
lerone,Y,filth,B,0.34382686
lerone,Y,murder,B,0.34710732
lerone,Y,sickness,B,0.40448844
lerone,Y,accident,B,0.4044196
lerone,Y,death,B,0.39787444
lerone,Y,grief,B,0.39245564
lerone,Y,poison,B,0.5035562
lerone,Y,stink,B,0.41505772
lerone,Y,assault,B,0.38146454
lerone,Y,disaster,B,0.37365547
lerone,Y,hatred,B,0.38025767
lerone,Y,pollute,B,0.38690013
lerone,Y,tragedy,B,0.38198248
lerone,Y,divorce,B,0.38035285
lerone,Y,jail,B,0.41992885
lerone,Y,poverty,B,0.40168563
lerone,Y,ugly,B,0.33276132
lerone,Y,cancer,B,0.44211656
lerone,Y,kill,B,0.41196722
lerone,Y,rotten,B,0.30874062
lerone,Y,vomit,B,0.3802156
lerone,Y,agony,B,0.39815098
lerone,Y,prison,B,0.43789756
percell,Y,caress,A,0.41324782
percell,Y,freedom,A,0.4126199
percell,Y,health,A,0.47564396
percell,Y,love,A,0.35117546
percell,Y,peace,A,0.34545675
percell,Y,cheer,A,0.36969337
percell,Y,friend,A,0.45519274
percell,Y,heaven,A,0.34056044
percell,Y,loyal,A,0.4242069
percell,Y,pleasure,A,0.37610674
percell,Y,diamond,A,0.45546114
percell,Y,gentle,A,0.3931527
percell,Y,honest,A,0.29529455
percell,Y,lucky,A,0.26255536
percell,Y,rainbow,A,0.4918553
percell,Y,diploma,A,0.45266655
percell,Y,gift,A,0.52897143
percell,Y,honor,A,0.3964883
percell,Y,miracle,A,0.41718653
percell,Y,sunrise,A,0.35791308
percell,Y,family,A,0.46993127
percell,Y,happy,A,0.32440013
percell,Y,laughter,A,0.32430398
percell,Y,paradise,A,0.34855425
percell,Y,vacation,A,0.3950076
percell,Y,abuse,B,0.3672021
percell,Y,crash,B,0.40427142
percell,Y,filth,B,0.28053373
percell,Y,murder,B,0.3691308
percell,Y,sickness,B,0.39606515
percell,Y,accident,B,0.4045635
percell,Y,death,B,0.3556822
percell,Y,grief,B,0.35955608
percell,Y,poison,B,0.48500308
percell,Y,stink,B,0.37433252
percell,Y,assault,B,0.45691282
percell,Y,disaster,B,0.31451067
percell,Y,hatred,B,0.3625943
percell,Y,pollute,B,0.47029227
percell,Y,tragedy,B,0.33364725
percell,Y,divorce,B,0.38363856
percell,Y,jail,B,0.4440875
percell,Y,poverty,B,0.34962475
percell,Y,ugly,B,0.2814514
percell,Y,cancer,B,0.45811546
percell,Y,kill,B,0.4521989
percell,Y,rotten,B,0.25426275
percell,Y,vomit,B,0.33714306
percell,Y,agony,B,0.3048345
percell,Y,prison,B,0.43779802
theo,Y,caress,A,0.37252092
theo,Y,freedom,A,0.37651128
theo,Y,health,A,0.33520627
theo,Y,love,A,0.39669165
theo,Y,peace,A,0.3685127
theo,Y,cheer,A,0.36856425
theo,Y,friend,A,0.39636037
theo,Y,heaven,A,0.42652178
theo,Y,loyal,A,0.348575
theo,Y,pleasure,A,0.31793672
theo,Y,diamond,A,0.34364575
theo,Y,gentle,A,0.30958426
theo,Y,honest,A,0.39282826
theo,Y,lucky,A,0.3481489
theo,Y,rainbow,A,0.39127478
theo,Y,diploma,A,0.38548216
theo,Y,gift,A,0.36086667
theo,Y,honor,A,0.29642347
theo,Y,miracle,A,0.48199442
theo,Y,sunrise,A,0.38147092
theo,Y,family,A,0.3656016
theo,Y,happy,A,0.3594575
theo,Y,laughter,A,0.40262294
theo,Y,paradise,A,0.400375
theo,Y,vacation,A,0.38476524
theo,Y,abuse,B,0.35387576
theo,Y,crash,B,0.3871734
theo,Y,filth,B,0.24537873
theo,Y,murder,B,0.38274527
theo,Y,sickness,B,0.36730993
theo,Y,accident,B,0.35705465
theo,Y,death,B,0.3105052
theo,Y,grief,B,0.3066295
theo,Y,poison,B,0.35546118
theo,Y,stink,B,0.32170528
theo,Y,assault,B,0.37490898
theo,Y,disaster,B,0.3584305
theo,Y,hatred,B,0.30608603
theo,Y,pollute,B,0.2677493
theo,Y,tragedy,B,0.35659248
theo,Y,divorce,B,0.37109375
theo,Y,jail,B,0.33707765
theo,Y,poverty,B,0.33118474
theo,Y,ugly,B,0.23994635
theo,Y,cancer,B,0.29655495
theo,Y,kill,B,0.3218684
theo,Y,rotten,B,0.32033896
theo,Y,vomit,B,0.30635208
theo,Y,agony,B,0.34217507
theo,Y,prison,B,0.34961244
alphonse,Y,caress,A,0.29418367
alphonse,Y,freedom,A,0.29448894
alphonse,Y,health,A,0.22473426
alphonse,Y,love,A,0.30843538
alphonse,Y,peace,A,0.30392113
alphonse,Y,cheer,A,0.2649899
alphonse,Y,friend,A,0.20506391
alphonse,Y,heaven,A,0.37365645
alphonse,Y,loyal,A,0.17125511
alphonse,Y,pleasure,A,0.30487484
alphonse,Y,diamond,A,0.22219774
alphonse,Y,gentle,A,0.2263893
alphonse,Y,honest,A,0.25256896
alphonse,Y,lucky,A,0.3262604
alphonse,Y,rainbow,A,0.19730222
alphonse,Y,diploma,A,0.27252948
alphonse,Y,gift,A,0.22618127
alphonse,Y,honor,A,0.29107103
alphonse,Y,miracle,A,0.26718527
alphonse,Y,sunrise,A,0.33272892
alphonse,Y,family,A,0.16426358
alphonse,Y,happy,A,0.30210716
alphonse,Y,laughter,A,0.24926734
alphonse,Y,paradise,A,0.32724726
alphonse,Y,vacation,A,0.28526753
alphonse,Y,abuse,B,0.2992285
alphonse,Y,crash,B,0.28434193
alphonse,Y,filth,B,0.37492174
alphonse,Y,murder,B,0.2870375
alphonse,Y,sickness,B,0.22558275
alphonse,Y,accident,B,0.31465626
alphonse,Y,death,B,0.31304342
alphonse,Y,grief,B,0.25034887
alphonse,Y,poison,B,0.31351945
alphonse,Y,stink,B,0.24569926
alphonse,Y,assault,B,0.30618274
alphonse,Y,disaster,B,0.3144814
alphonse,Y,hatred,B,0.31628782
alphonse,Y,pollute,B,0.35200924
alphonse,Y,tragedy,B,0.25991875
alphonse,Y,divorce,B,0.23627385
alphonse,Y,jail,B,0.22218186
alphonse,Y,poverty,B,0.26127148
alphonse,Y,ugly,B,0.29154772
alphonse,Y,cancer,B,0.23833093
alphonse,Y,kill,B,0.23657593
alphonse,Y,rotten,B,0.32416523
alphonse,Y,vomit,B,0.30631784
alphonse,Y,agony,B,0.30898798
alphonse,Y,prison,B,0.2509922
jerome,Y,caress,A,0.34241325
jerome,Y,freedom,A,0.36694044
jerome,Y,health,A,0.30627564
jerome,Y,love,A,0.34204096
jerome,Y,peace,A,0.3661883
jerome,Y,cheer,A,0.35380435
jerome,Y,friend,A,0.3840293
jerome,Y,heaven,A,0.39500898
jerome,Y,loyal,A,0.3827182
jerome,Y,pleasure,A,0.3023767
jerome,Y,diamond,A,0.3961858
jerome,Y,gentle,A,0.33464894
jerome,Y,honest,A,0.3647641
jerome,Y,lucky,A,0.38210028
jerome,Y,rainbow,A,0.44181788
jerome,Y,diploma,A,0.37034625
jerome,Y,gift,A,0.33944502
jerome,Y,honor,A,0.33190718
jerome,Y,miracle,A,0.39544863
jerome,Y,sunrise,A,0.4214022
jerome,Y,family,A,0.35481727
jerome,Y,happy,A,0.32469445
jerome,Y,laughter,A,0.34945393
jerome,Y,paradise,A,0.38056752
jerome,Y,vacation,A,0.3883789
jerome,Y,abuse,B,0.31938183
jerome,Y,crash,B,0.3920383
jerome,Y,filth,B,0.22554785
jerome,Y,murder,B,0.38843882
jerome,Y,sickness,B,0.37347084
jerome,Y,accident,B,0.34503442
jerome,Y,death,B,0.36057293
jerome,Y,grief,B,0.29332566
jerome,Y,poison,B,0.41637987
jerome,Y,stink,B,0.27813518
jerome,Y,assault,B,0.39150566
jerome,Y,disaster,B,0.39126116
jerome,Y,hatred,B,0.27357382
jerome,Y,pollute,B,0.26339275
jerome,Y,tragedy,B,0.33690155
jerome,Y,divorce,B,0.39093038
jerome,Y,jail,B,0.37801984
jerome,Y,poverty,B,0.32499063
jerome,Y,ugly,B,0.29443872
jerome,Y,cancer,B,0.32595646
jerome,Y,kill,B,0.2986024
jerome,Y,rotten,B,0.30743057
jerome,Y,vomit,B,0.31800097
jerome,Y,agony,B,0.2865374
jerome,Y,prison,B,0.39294532
leroy,Y,caress,A,0.38120046
leroy,Y,freedom,A,0.3262853
leroy,Y,health,A,0.31114706
leroy,Y,love,A,0.33171725
leroy,Y,peace,A,0.3477065
leroy,Y,cheer,A,0.29927927
leroy,Y,friend,A,0.39152044
leroy,Y,heaven,A,0.305196
leroy,Y,loyal,A,0.4218773
leroy,Y,pleasure,A,0.2539137
leroy,Y,diamond,A,0.38098732
leroy,Y,gentle,A,0.42405048
leroy,Y,honest,A,0.39907467
leroy,Y,lucky,A,0.41763094
leroy,Y,rainbow,A,0.41039443
leroy,Y,diploma,A,0.31558394
leroy,Y,gift,A,0.2725067
leroy,Y,honor,A,0.27707815
leroy,Y,miracle,A,0.39541724
leroy,Y,sunrise,A,0.4015355
leroy,Y,family,A,0.34094667
leroy,Y,happy,A,0.35193595
leroy,Y,laughter,A,0.3835504
leroy,Y,paradise,A,0.31233764
leroy,Y,vacation,A,0.36886835
leroy,Y,abuse,B,0.36008444
leroy,Y,crash,B,0.34002042
leroy,Y,filth,B,0.24321376
leroy,Y,murder,B,0.39020777
leroy,Y,sickness,B,0.33135223
leroy,Y,accident,B,0.3175829
leroy,Y,death,B,0.31132853
leroy,Y,grief,B,0.2580615
leroy,Y,poison,B,0.44285014
leroy,Y,stink,B,0.4013108
leroy,Y,assault,B,0.3891607
leroy,Y,disaster,B,0.31723672
leroy,Y,hatred,B,0.29288408
leroy,Y,pollute,B,0.33602387
leroy,Y,tragedy,B,0.33643198
leroy,Y,divorce,B,0.3734642
leroy,Y,jail,B,0.38707918
leroy,Y,poverty,B,0.3679645
leroy,Y,ugly,B,0.351998
leroy,Y,cancer,B,0.25989753
leroy,Y,kill,B,0.3379953
leroy,Y,rotten,B,0.34487197
leroy,Y,vomit,B,0.3275944
leroy,Y,agony,B,0.34285626
leroy,Y,prison,B,0.38563547
rasaan,Y,caress,A,0.41629046
rasaan,Y,freedom,A,0.47632366
rasaan,Y,health,A,0.404224
rasaan,Y,love,A,0.39942354
rasaan,Y,peace,A,0.4591459
rasaan,Y,cheer,A,0.40854564
rasaan,Y,friend,A,0.3836612
rasaan,Y,heaven,A,0.44761002
rasaan,Y,loyal,A,0.4246003
rasaan,Y,pleasure,A,0.37616342
rasaan,Y,diamond,A,0.44098
rasaan,Y,gentle,A,0.42562196
rasaan,Y,honest,A,0.3418631
rasaan,Y,lucky,A,0.35366434
rasaan,Y,rainbow,A,0.4401143
rasaan,Y,diploma,A,0.4570288
rasaan,Y,gift,A,0.45142657
rasaan,Y,honor,A,0.40432584
rasaan,Y,miracle,A,0.4013827
rasaan,Y,sunrise,A,0.5145115
rasaan,Y,family,A,0.39673096
rasaan,Y,happy,A,0.42878318
rasaan,Y,laughter,A,0.40707698
rasaan,Y,paradise,A,0.45269397
rasaan,Y,vacation,A,0.4306907
rasaan,Y,abuse,B,0.39985812
rasaan,Y,crash,B,0.43838182
rasaan,Y,filth,B,0.3619324
rasaan,Y,murder,B,0.40909573
rasaan,Y,sickness,B,0.49003905
rasaan,Y,accident,B,0.37324125
rasaan,Y,death,B,0.44169334
rasaan,Y,grief,B,0.4374469
rasaan,Y,poison,B,0.40772095
rasaan,Y,stink,B,0.38613403
rasaan,Y,assault,B,0.4556395
rasaan,Y,disaster,B,0.42379114
rasaan,Y,hatred,B,0.41116256
rasaan,Y,pollute,B,0.37563798
rasaan,Y,tragedy,B,0.42233372
rasaan,Y,divorce,B,0.42881438
rasaan,Y,jail,B,0.4232672
rasaan,Y,poverty,B,0.43883076
rasaan,Y,ugly,B,0.35860714
rasaan,Y,cancer,B,0.4057678
rasaan,Y,kill,B,0.42981952
rasaan,Y,rotten,B,0.31105143
rasaan,Y,vomit,B,0.39953542
rasaan,Y,agony,B,0.4217248
rasaan,Y,prison,B,0.4442547
torrance,Y,caress,A,0.3762449
torrance,Y,freedom,A,0.36358592
torrance,Y,health,A,0.30360073
torrance,Y,love,A,0.2967177
torrance,Y,peace,A,0.26124257
torrance,Y,cheer,A,0.25406665
torrance,Y,friend,A,0.2944902
torrance,Y,heaven,A,0.35078943
torrance,Y,loyal,A,0.3088776
torrance,Y,pleasure,A,0.31193388
torrance,Y,diamond,A,0.39665192
torrance,Y,gentle,A,0.348337
torrance,Y,honest,A,0.25149125
torrance,Y,lucky,A,0.27465814
torrance,Y,rainbow,A,0.3323222
torrance,Y,diploma,A,0.31105807
torrance,Y,gift,A,0.3457763
torrance,Y,honor,A,0.31554458
torrance,Y,miracle,A,0.2944532
torrance,Y,sunrise,A,0.29635853
torrance,Y,family,A,0.26642212
torrance,Y,happy,A,0.28971535
torrance,Y,laughter,A,0.25259992
torrance,Y,paradise,A,0.3385863
torrance,Y,vacation,A,0.34441373
torrance,Y,abuse,B,0.34842873
torrance,Y,crash,B,0.34616745
torrance,Y,filth,B,0.36594456
torrance,Y,murder,B,0.33124614
torrance,Y,sickness,B,0.37696445
torrance,Y,accident,B,0.40368903
torrance,Y,death,B,0.3291801
torrance,Y,grief,B,0.30482346
torrance,Y,poison,B,0.3653315
torrance,Y,stink,B,0.26077697
torrance,Y,assault,B,0.3759508
torrance,Y,disaster,B,0.39270234
torrance,Y,hatred,B,0.26350236
torrance,Y,pollute,B,0.4098499
torrance,Y,tragedy,B,0.34887215
torrance,Y,divorce,B,0.31809908
torrance,Y,jail,B,0.35372847
torrance,Y,poverty,B,0.38065487
torrance,Y,ugly,B,0.28076687
torrance,Y,cancer,B,0.36982667
torrance,Y,kill,B,0.28552037
torrance,Y,rotten,B,0.30563375
torrance,Y,vomit,B,0.2564721
torrance,Y,agony,B,0.37190443
torrance,Y,prison,B,0.3711445
darnell,Y,caress,A,0.35007125
darnell,Y,freedom,A,0.3942395
darnell,Y,health,A,0.40649354
darnell,Y,love,A,0.3864907
darnell,Y,peace,A,0.43785298
darnell,Y,cheer,A,0.4263599
darnell,Y,friend,A,0.4262985
darnell,Y,heaven,A,0.37290302
darnell,Y,loyal,A,0.43723273
darnell,Y,pleasure,A,0.34635693
darnell,Y,diamond,A,0.38337165
darnell,Y,gentle,A,0.3980664
darnell,Y,honest,A,0.3893332
darnell,Y,lucky,A,0.35504723
darnell,Y,rainbow,A,0.43026572
darnell,Y,diploma,A,0.3960603
darnell,Y,gift,A,0.41068777
darnell,Y,honor,A,0.40065718
darnell,Y,miracle,A,0.33440375
darnell,Y,sunrise,A,0.4089201
darnell,Y,family,A,0.3416399
darnell,Y,happy,A,0.39548478
darnell,Y,laughter,A,0.39176545
darnell,Y,paradise,A,0.39473397
darnell,Y,vacation,A,0.38387883
darnell,Y,abuse,B,0.3807807
darnell,Y,crash,B,0.41194835
darnell,Y,filth,B,0.33188888
darnell,Y,murder,B,0.3575877
darnell,Y,sickness,B,0.40693218
darnell,Y,accident,B,0.40908182
darnell,Y,death,B,0.36741462
darnell,Y,grief,B,0.4217898
darnell,Y,poison,B,0.4433759
darnell,Y,stink,B,0.33325446
darnell,Y,assault,B,0.42314819
darnell,Y,disaster,B,0.40074682
darnell,Y,hatred,B,0.37001336
darnell,Y,pollute,B,0.3704427
darnell,Y,tragedy,B,0.38903403
darnell,Y,divorce,B,0.3671142
darnell,Y,jail,B,0.43723723
darnell,Y,poverty,B,0.35429543
darnell,Y,ugly,B,0.37071812
darnell,Y,cancer,B,0.3279522
darnell,Y,kill,B,0.3948151
darnell,Y,rotten,B,0.30460286
darnell,Y,vomit,B,0.3432427
darnell,Y,agony,B,0.35064733
darnell,Y,prison,B,0.45105433
lamar,Y,caress,A,0.29073453
lamar,Y,freedom,A,0.33627862
lamar,Y,health,A,0.3164432
lamar,Y,love,A,0.26733273
lamar,Y,peace,A,0.36256778
lamar,Y,cheer,A,0.36349007
lamar,Y,friend,A,0.37105215
lamar,Y,heaven,A,0.28733727
lamar,Y,loyal,A,0.47496432
lamar,Y,pleasure,A,0.29665613
lamar,Y,diamond,A,0.40952063
lamar,Y,gentle,A,0.33524287
lamar,Y,honest,A,0.34998828
lamar,Y,lucky,A,0.42526656
lamar,Y,rainbow,A,0.4189452
lamar,Y,diploma,A,0.31942695
lamar,Y,gift,A,0.2908849
lamar,Y,honor,A,0.31748408
lamar,Y,miracle,A,0.4054218
lamar,Y,sunrise,A,0.42010438
lamar,Y,family,A,0.35669822
lamar,Y,happy,A,0.2830142
lamar,Y,laughter,A,0.3428582
lamar,Y,paradise,A,0.35860538
lamar,Y,vacation,A,0.34814107
lamar,Y,abuse,B,0.28473058
lamar,Y,crash,B,0.411688
lamar,Y,filth,B,0.1775333
lamar,Y,murder,B,0.3149772
lamar,Y,sickness,B,0.34712675
lamar,Y,accident,B,0.2978611
lamar,Y,death,B,0.25007206
lamar,Y,grief,B,0.32301757
lamar,Y,poison,B,0.42809528
lamar,Y,stink,B,0.38558912
lamar,Y,assault,B,0.3746867
lamar,Y,disaster,B,0.32795402
lamar,Y,hatred,B,0.27697176
lamar,Y,pollute,B,0.2716033
lamar,Y,tragedy,B,0.322631
lamar,Y,divorce,B,0.33665726
lamar,Y,jail,B,0.35821858
lamar,Y,poverty,B,0.32486385
lamar,Y,ugly,B,0.24707723
lamar,Y,cancer,B,0.25987607
lamar,Y,kill,B,0.2814747
lamar,Y,rotten,B,0.3293388
lamar,Y,vomit,B,0.3152665
lamar,Y,agony,B,0.25779536
lamar,Y,prison,B,0.36091876
lionel,Y,caress,A,0.42047235
lionel,Y,freedom,A,0.38634238
lionel,Y,health,A,0.3719843
lionel,Y,love,A,0.3681653
lionel,Y,peace,A,0.39004332
lionel,Y,cheer,A,0.35976133
lionel,Y,friend,A,0.40653136
lionel,Y,heaven,A,0.320531
lionel,Y,loyal,A,0.37920526
lionel,Y,pleasure,A,0.39586815
lionel,Y,diamond,A,0.42311323
lionel,Y,gentle,A,0.42709413
lionel,Y,honest,A,0.36865166
lionel,Y,lucky,A,0.40081316
lionel,Y,rainbow,A,0.48355284
lionel,Y,diploma,A,0.39843512
lionel,Y,gift,A,0.3976012
lionel,Y,honor,A,0.40927058
lionel,Y,miracle,A,0.44220528
lionel,Y,sunrise,A,0.43497056
lionel,Y,family,A,0.3502754
lionel,Y,happy,A,0.3811262
lionel,Y,laughter,A,0.4520921
lionel,Y,paradise,A,0.3909427
lionel,Y,vacation,A,0.39531606
lionel,Y,abuse,B,0.32865822
lionel,Y,crash,B,0.44244152
lionel,Y,filth,B,0.2846669
lionel,Y,murder,B,0.38230622
lionel,Y,sickness,B,0.38667446
lionel,Y,accident,B,0.4030465
lionel,Y,death,B,0.35513228
lionel,Y,grief,B,0.38717365
lionel,Y,poison,B,0.4004811
lionel,Y,stink,B,0.408228
lionel,Y,assault,B,0.3546186
lionel,Y,disaster,B,0.342982
lionel,Y,hatred,B,0.31179628
lionel,Y,pollute,B,0.29272118
lionel,Y,tragedy,B,0.42780966
lionel,Y,divorce,B,0.42162892
lionel,Y,jail,B,0.37763253
lionel,Y,poverty,B,0.42722294
lionel,Y,ugly,B,0.3248614
lionel,Y,cancer,B,0.35156024
lionel,Y,kill,B,0.3246736
lionel,Y,rotten,B,0.34443143
lionel,Y,vomit,B,0.4060716
lionel,Y,agony,B,0.36822128
lionel,Y,prison,B,0.37987912
rashaun,Y,caress,A,0.40825227
rashaun,Y,freedom,A,0.48206383
rashaun,Y,health,A,0.41326338
rashaun,Y,love,A,0.3900789
rashaun,Y,peace,A,0.4003151
rashaun,Y,cheer,A,0.39636213
rashaun,Y,friend,A,0.4038345
rashaun,Y,heaven,A,0.441407
rashaun,Y,loyal,A,0.39876923
rashaun,Y,pleasure,A,0.37502366
rashaun,Y,diamond,A,0.41782153
rashaun,Y,gentle,A,0.4066291
rashaun,Y,honest,A,0.33371675
rashaun,Y,lucky,A,0.3031686
rashaun,Y,rainbow,A,0.44553292
rashaun,Y,diploma,A,0.44021904
rashaun,Y,gift,A,0.46643293
rashaun,Y,honor,A,0.4193774
rashaun,Y,miracle,A,0.36986002
rashaun,Y,sunrise,A,0.46916166
rashaun,Y,family,A,0.36987096
rashaun,Y,happy,A,0.35371846
rashaun,Y,laughter,A,0.33580333
rashaun,Y,paradise,A,0.43879125
rashaun,Y,vacation,A,0.40913722
rashaun,Y,abuse,B,0.3687827
rashaun,Y,crash,B,0.43637246
rashaun,Y,filth,B,0.36261043
rashaun,Y,murder,B,0.36712313
rashaun,Y,sickness,B,0.46771145
rashaun,Y,accident,B,0.39202887
rashaun,Y,death,B,0.4024726
rashaun,Y,grief,B,0.3944209
rashaun,Y,poison,B,0.4228173
rashaun,Y,stink,B,0.3516404
rashaun,Y,assault,B,0.4608913
rashaun,Y,disaster,B,0.4272022
rashaun,Y,hatred,B,0.36535162
rashaun,Y,pollute,B,0.42171147
rashaun,Y,tragedy,B,0.35885918
rashaun,Y,divorce,B,0.37823123
rashaun,Y,jail,B,0.45203012
rashaun,Y,poverty,B,0.33626214
rashaun,Y,ugly,B,0.31407475
rashaun,Y,cancer,B,0.36022457
rashaun,Y,kill,B,0.43220124
rashaun,Y,rotten,B,0.2942049
rashaun,Y,vomit,B,0.37986356
rashaun,Y,agony,B,0.35999703
rashaun,Y,prison,B,0.4218949
tvree,Y,caress,A,0.26455396
tvree,Y,freedom,A,0.40081057
tvree,Y,health,A,0.38801134
tvree,Y,love,A,0.38053018
tvree,Y,peace,A,0.33945203
tvree,Y,cheer,A,0.44499248
tvree,Y,friend,A,0.34743205
tvree,Y,heaven,A,0.38193005
tvree,Y,loyal,A,0.41765577
tvree,Y,pleasure,A,0.3459675
tvree,Y,diamond,A,0.35383672
tvree,Y,gentle,A,0.35720658
tvree,Y,honest,A,0.30331188
tvree,Y,lucky,A,0.31010216
tvree,Y,rainbow,A,0.4058136
tvree,Y,diploma,A,0.41963258
tvree,Y,gift,A,0.41253546
tvree,Y,honor,A,0.35914668
tvree,Y,miracle,A,0.41720727
tvree,Y,sunrise,A,0.3578476
tvree,Y,family,A,0.41454497
tvree,Y,happy,A,0.39044863
tvree,Y,laughter,A,0.35096145
tvree,Y,paradise,A,0.37448344
tvree,Y,vacation,A,0.3762172
tvree,Y,abuse,B,0.36966622
tvree,Y,crash,B,0.4026329
tvree,Y,filth,B,0.3145749
tvree,Y,murder,B,0.40388343
tvree,Y,sickness,B,0.37817895
tvree,Y,accident,B,0.36262593
tvree,Y,death,B,0.3074871
tvree,Y,grief,B,0.3355829
tvree,Y,poison,B,0.35092878
tvree,Y,stink,B,0.385564
tvree,Y,assault,B,0.41329038
tvree,Y,disaster,B,0.34344414
tvree,Y,hatred,B,0.3416711
tvree,Y,pollute,B,0.33824068
tvree,Y,tragedy,B,0.35650954
tvree,Y,divorce,B,0.33704305
tvree,Y,jail,B,0.43165052
tvree,Y,poverty,B,0.35933495
tvree,Y,ugly,B,0.28955024
tvree,Y,cancer,B,0.2927604
tvree,Y,kill,B,0.4091798
tvree,Y,rotten,B,0.34012023
tvree,Y,vomit,B,0.3446402
tvree,Y,agony,B,0.2900346
tvree,Y,prison,B,0.39056802
deion,Y,caress,A,0.29681796
deion,Y,freedom,A,0.31069103
deion,Y,health,A,0.27874827
deion,Y,love,A,0.30530483
deion,Y,peace,A,0.32270014
deion,Y,cheer,A,0.31506222
deion,Y,friend,A,0.32989082
deion,Y,heaven,A,0.36236802
deion,Y,loyal,A,0.33505252
deion,Y,pleasure,A,0.30321127
deion,Y,diamond,A,0.33804345
deion,Y,gentle,A,0.29640222
deion,Y,honest,A,0.324807
deion,Y,lucky,A,0.30822474
deion,Y,rainbow,A,0.38506877
deion,Y,diploma,A,0.3077129
deion,Y,gift,A,0.36817175
deion,Y,honor,A,0.37909648
deion,Y,miracle,A,0.33600712
deion,Y,sunrise,A,0.39636302
deion,Y,family,A,0.2782607
deion,Y,happy,A,0.2885803
deion,Y,laughter,A,0.30913404
deion,Y,paradise,A,0.3325522
deion,Y,vacation,A,0.33975768
deion,Y,abuse,B,0.33870444
deion,Y,crash,B,0.3737258
deion,Y,filth,B,0.3294082
deion,Y,murder,B,0.392336
deion,Y,sickness,B,0.35719573
deion,Y,accident,B,0.3501284
deion,Y,death,B,0.3790459
deion,Y,grief,B,0.35768795
deion,Y,poison,B,0.41436222
deion,Y,stink,B,0.31745505
deion,Y,assault,B,0.36366722
deion,Y,disaster,B,0.35320026
deion,Y,hatred,B,0.39276183
deion,Y,pollute,B,0.3297632
deion,Y,tragedy,B,0.4208271
deion,Y,divorce,B,0.29753694
deion,Y,jail,B,0.31486887
deion,Y,poverty,B,0.31407788
deion,Y,ugly,B,0.3246184
deion,Y,cancer,B,0.30403325
deion,Y,kill,B,0.3557813
deion,Y,rotten,B,0.31667352
deion,Y,vomit,B,0.30902785
deion,Y,agony,B,0.34175757
deion,Y,prison,B,0.33114994
lamont,Y,caress,A,0.3376736
lamont,Y,freedom,A,0.38311598
lamont,Y,health,A,0.324836
lamont,Y,love,A,0.32661957
lamont,Y,peace,A,0.35380787
lamont,Y,cheer,A,0.3553112
lamont,Y,friend,A,0.2928124
lamont,Y,heaven,A,0.36829394
lamont,Y,loyal,A,0.30252737
lamont,Y,pleasure,A,0.36589018
lamont,Y,diamond,A,0.3990851
lamont,Y,gentle,A,0.3367216
lamont,Y,honest,A,0.32162994
lamont,Y,lucky,A,0.30906066
lamont,Y,rainbow,A,0.36767554
lamont,Y,diploma,A,0.39001483
lamont,Y,gift,A,0.33865827
lamont,Y,honor,A,0.35202643
lamont,Y,miracle,A,0.35134962
lamont,Y,sunrise,A,0.3792097
lamont,Y,family,A,0.2627755
lamont,Y,happy,A,0.32484698
lamont,Y,laughter,A,0.37464136
lamont,Y,paradise,A,0.38807327
lamont,Y,vacation,A,0.37267277
lamont,Y,abuse,B,0.34993878
lamont,Y,crash,B,0.44120666
lamont,Y,filth,B,0.36788672
lamont,Y,murder,B,0.40665346
lamont,Y,sickness,B,0.33694798
lamont,Y,accident,B,0.36311495
lamont,Y,death,B,0.369079
lamont,Y,grief,B,0.35951817
lamont,Y,poison,B,0.42107606
lamont,Y,stink,B,0.36675858
lamont,Y,assault,B,0.3992014
lamont,Y,disaster,B,0.37640563
lamont,Y,hatred,B,0.33210486
lamont,Y,pollute,B,0.36993444
lamont,Y,tragedy,B,0.36178577
lamont,Y,divorce,B,0.37042817
lamont,Y,jail,B,0.3933906
lamont,Y,poverty,B,0.3355616
lamont,Y,ugly,B,0.3159481
lamont,Y,cancer,B,0.3283429
lamont,Y,kill,B,0.36787593
lamont,Y,rotten,B,0.3406275
lamont,Y,vomit,B,0.37126327
lamont,Y,agony,B,0.33287722
lamont,Y,prison,B,0.38974255
malik,Y,caress,A,0.34210038
malik,Y,freedom,A,0.3824618
malik,Y,health,A,0.34348607
malik,Y,love,A,0.3570314
malik,Y,peace,A,0.41930938
malik,Y,cheer,A,0.36207372
malik,Y,friend,A,0.44110662
malik,Y,heaven,A,0.32235733
malik,Y,loyal,A,0.42785546
malik,Y,pleasure,A,0.2746746
malik,Y,diamond,A,0.429471
malik,Y,gentle,A,0.38672578
malik,Y,honest,A,0.3493902
malik,Y,lucky,A,0.4541705
malik,Y,rainbow,A,0.4208119
malik,Y,diploma,A,0.37722832
malik,Y,gift,A,0.3839683
malik,Y,honor,A,0.3301867
malik,Y,miracle,A,0.40905645
malik,Y,sunrise,A,0.437791
malik,Y,family,A,0.38095638
malik,Y,happy,A,0.38419825
malik,Y,laughter,A,0.37243885
malik,Y,paradise,A,0.3807546
malik,Y,vacation,A,0.3512098
malik,Y,abuse,B,0.3156148
malik,Y,crash,B,0.44856894
malik,Y,filth,B,0.24144936
malik,Y,murder,B,0.35341126
malik,Y,sickness,B,0.36488205
malik,Y,accident,B,0.3297451
malik,Y,death,B,0.33325794
malik,Y,grief,B,0.36904973
malik,Y,poison,B,0.42247835
malik,Y,stink,B,0.35524523
malik,Y,assault,B,0.40361235
malik,Y,disaster,B,0.33449233
malik,Y,hatred,B,0.32169566
malik,Y,pollute,B,0.3268336
malik,Y,tragedy,B,0.327373
malik,Y,divorce,B,0.3830405
malik,Y,jail,B,0.43795633
malik,Y,poverty,B,0.31087688
malik,Y,ugly,B,0.27746794
malik,Y,cancer,B,0.25704888
malik,Y,kill,B,0.38406238
malik,Y,rotten,B,0.2628338
malik,Y,vomit,B,0.35636896
malik,Y,agony,B,0.29910246
malik,Y,prison,B,0.41153562
terrence,Y,caress,A,0.36121586
terrence,Y,freedom,A,0.38237053
terrence,Y,health,A,0.40549362
terrence,Y,love,A,0.36162108
terrence,Y,peace,A,0.36033708
terrence,Y,cheer,A,0.30880538
terrence,Y,friend,A,0.3387551
terrence,Y,heaven,A,0.3310663
terrence,Y,loyal,A,0.43824112
terrence,Y,pleasure,A,0.3874891
terrence,Y,diamond,A,0.4214557
terrence,Y,gentle,A,0.39060554
terrence,Y,honest,A,0.3381049
terrence,Y,lucky,A,0.3609898
terrence,Y,rainbow,A,0.4062243
terrence,Y,diploma,A,0.34014606
terrence,Y,gift,A,0.3705086
terrence,Y,honor,A,0.41229227
terrence,Y,miracle,A,0.4178447
terrence,Y,sunrise,A,0.42761272
terrence,Y,family,A,0.33851022
terrence,Y,happy,A,0.34573752
terrence,Y,laughter,A,0.3660881
terrence,Y,paradise,A,0.32763916
terrence,Y,vacation,A,0.35175386
terrence,Y,abuse,B,0.40504503
terrence,Y,crash,B,0.35723138
terrence,Y,filth,B,0.31709766
terrence,Y,murder,B,0.36493105
terrence,Y,sickness,B,0.4122761
terrence,Y,accident,B,0.35959882
terrence,Y,death,B,0.30129272
terrence,Y,grief,B,0.33976677
terrence,Y,poison,B,0.43193644
terrence,Y,stink,B,0.4195561
terrence,Y,assault,B,0.41889635
terrence,Y,disaster,B,0.32552242
terrence,Y,hatred,B,0.31586817
terrence,Y,pollute,B,0.3112015
terrence,Y,tragedy,B,0.3344715
terrence,Y,divorce,B,0.40980434
terrence,Y,jail,B,0.35377002
terrence,Y,poverty,B,0.39246923
terrence,Y,ugly,B,0.31134674
terrence,Y,cancer,B,0.31752118
terrence,Y,kill,B,0.3089188
terrence,Y,rotten,B,0.36651692
terrence,Y,vomit,B,0.31104344
terrence,Y,agony,B,0.3708501
terrence,Y,prison,B,0.37711567
tyrone,Y,caress,A,0.34103996
tyrone,Y,freedom,A,0.3663174
tyrone,Y,health,A,0.28591144
tyrone,Y,love,A,0.30891687
tyrone,Y,peace,A,0.34784368
tyrone,Y,cheer,A,0.3568459
tyrone,Y,friend,A,0.32329005
tyrone,Y,heaven,A,0.34090424
tyrone,Y,loyal,A,0.4007683
tyrone,Y,pleasure,A,0.26433307
tyrone,Y,diamond,A,0.35145175
tyrone,Y,gentle,A,0.30282545
tyrone,Y,honest,A,0.28970274
tyrone,Y,lucky,A,0.34278542
tyrone,Y,rainbow,A,0.33949453
tyrone,Y,diploma,A,0.31353456
tyrone,Y,gift,A,0.28316388
tyrone,Y,honor,A,0.31959096
tyrone,Y,miracle,A,0.36917806
tyrone,Y,sunrise,A,0.4007419
tyrone,Y,family,A,0.29013655
tyrone,Y,happy,A,0.30429417
tyrone,Y,laughter,A,0.34640414
tyrone,Y,paradise,A,0.32761097
tyrone,Y,vacation,A,0.26980478
tyrone,Y,abuse,B,0.37594768
tyrone,Y,crash,B,0.34529293
tyrone,Y,filth,B,0.20823997
tyrone,Y,murder,B,0.31791228
tyrone,Y,sickness,B,0.29299197
tyrone,Y,accident,B,0.2740395
tyrone,Y,death,B,0.30211854
tyrone,Y,grief,B,0.32820714
tyrone,Y,poison,B,0.3826808
tyrone,Y,stink,B,0.36175728
tyrone,Y,assault,B,0.4091867
tyrone,Y,disaster,B,0.29975727
tyrone,Y,hatred,B,0.29741126
tyrone,Y,pollute,B,0.25293127
tyrone,Y,tragedy,B,0.27800632
tyrone,Y,divorce,B,0.3457061
tyrone,Y,jail,B,0.3663097
tyrone,Y,poverty,B,0.30860233
tyrone,Y,ugly,B,0.23406924
tyrone,Y,cancer,B,0.30517828
tyrone,Y,kill,B,0.2704241
tyrone,Y,rotten,B,0.28757322
tyrone,Y,vomit,B,0.35798723
tyrone,Y,agony,B,0.29468673
tyrone,Y,prison,B,0.33255988
everol,Y,caress,A,0.4456045
everol,Y,freedom,A,0.47942752
everol,Y,health,A,0.3374002
everol,Y,love,A,0.47505417
everol,Y,peace,A,0.4507919
everol,Y,cheer,A,0.39087868
everol,Y,friend,A,0.40133566
everol,Y,heaven,A,0.49205887
everol,Y,loyal,A,0.40366012
everol,Y,pleasure,A,0.42381886
everol,Y,diamond,A,0.41780406
everol,Y,gentle,A,0.4739928
everol,Y,honest,A,0.38209856
everol,Y,lucky,A,0.35866177
everol,Y,rainbow,A,0.3600914
everol,Y,diploma,A,0.3653443
everol,Y,gift,A,0.46303317
everol,Y,honor,A,0.45000285
everol,Y,miracle,A,0.44275087
everol,Y,sunrise,A,0.4791967
everol,Y,family,A,0.34713906
everol,Y,happy,A,0.41231585
everol,Y,laughter,A,0.4058447
everol,Y,paradise,A,0.45932627
everol,Y,vacation,A,0.40224606
everol,Y,abuse,B,0.3799231
everol,Y,crash,B,0.3887939
everol,Y,filth,B,0.37486482
everol,Y,murder,B,0.40953812
everol,Y,sickness,B,0.41272902
everol,Y,accident,B,0.3937406
everol,Y,death,B,0.45961356
everol,Y,grief,B,0.4046398
everol,Y,poison,B,0.41769725
everol,Y,stink,B,0.36507076
everol,Y,assault,B,0.4417966
everol,Y,disaster,B,0.3744734
everol,Y,hatred,B,0.40417758
everol,Y,pollute,B,0.33468953
everol,Y,tragedy,B,0.3859687
everol,Y,divorce,B,0.38248518
everol,Y,jail,B,0.38519943
everol,Y,poverty,B,0.3275764
everol,Y,ugly,B,0.369382
everol,Y,cancer,B,0.3399683
everol,Y,kill,B,0.45485508
everol,Y,rotten,B,0.26202446
everol,Y,vomit,B,0.34170377
everol,Y,agony,B,0.396522
everol,Y,prison,B,0.4229139
lavon,Y,caress,A,0.3081659
lavon,Y,freedom,A,0.34451443
lavon,Y,health,A,0.3394124
lavon,Y,love,A,0.33806938
lavon,Y,peace,A,0.39809287
lavon,Y,cheer,A,0.36357024
lavon,Y,friend,A,0.33398667
lavon,Y,heaven,A,0.35967088
lavon,Y,loyal,A,0.35784453
lavon,Y,pleasure,A,0.36539957
lavon,Y,diamond,A,0.38060656
lavon,Y,gentle,A,0.34879375
lavon,Y,honest,A,0.32658088
lavon,Y,lucky,A,0.3234548
lavon,Y,rainbow,A,0.35470515
lavon,Y,diploma,A,0.3392763
lavon,Y,gift,A,0.33117077
lavon,Y,honor,A,0.35173467
lavon,Y,miracle,A,0.3209501
lavon,Y,sunrise,A,0.40671903
lavon,Y,family,A,0.26475903
lavon,Y,happy,A,0.33429092
lavon,Y,laughter,A,0.3284186
lavon,Y,paradise,A,0.39607534
lavon,Y,vacation,A,0.34957302
lavon,Y,abuse,B,0.34283593
lavon,Y,crash,B,0.3857976
lavon,Y,filth,B,0.3277099
lavon,Y,murder,B,0.34055012
lavon,Y,sickness,B,0.37354457
lavon,Y,accident,B,0.32822922
lavon,Y,death,B,0.35939953
lavon,Y,grief,B,0.42728528
lavon,Y,poison,B,0.3888815
lavon,Y,stink,B,0.31746057
lavon,Y,assault,B,0.37557122
lavon,Y,disaster,B,0.38819426
lavon,Y,hatred,B,0.37771636
lavon,Y,pollute,B,0.3450294
lavon,Y,tragedy,B,0.3656209
lavon,Y,divorce,B,0.33775744
lavon,Y,jail,B,0.4057173
lavon,Y,poverty,B,0.37669373
lavon,Y,ugly,B,0.2884673
lavon,Y,cancer,B,0.35984945
lavon,Y,kill,B,0.33132285
lavon,Y,rotten,B,0.34455222
lavon,Y,vomit,B,0.32927436
lavon,Y,agony,B,0.34860557
lavon,Y,prison,B,0.40138924
marcellus,Y,caress,A,0.339352
marcellus,Y,freedom,A,0.30006966
marcellus,Y,health,A,0.3297037
marcellus,Y,love,A,0.35901558
marcellus,Y,peace,A,0.3838353
marcellus,Y,cheer,A,0.34386817
marcellus,Y,friend,A,0.3370515
marcellus,Y,heaven,A,0.3437823
marcellus,Y,loyal,A,0.3546486
marcellus,Y,pleasure,A,0.34845352
marcellus,Y,diamond,A,0.3404527
marcellus,Y,gentle,A,0.314131
marcellus,Y,honest,A,0.3572657
marcellus,Y,lucky,A,0.34621173
marcellus,Y,rainbow,A,0.32720375
marcellus,Y,diploma,A,0.36320293
marcellus,Y,gift,A,0.32905728
marcellus,Y,honor,A,0.32306182
marcellus,Y,miracle,A,0.31943303
marcellus,Y,sunrise,A,0.40977344
marcellus,Y,family,A,0.26399726
marcellus,Y,happy,A,0.31252316
marcellus,Y,laughter,A,0.3519647
marcellus,Y,paradise,A,0.34791338
marcellus,Y,vacation,A,0.30997896
marcellus,Y,abuse,B,0.27541298
marcellus,Y,crash,B,0.33343166
marcellus,Y,filth,B,0.32900292
marcellus,Y,murder,B,0.32822454
marcellus,Y,sickness,B,0.33129525
marcellus,Y,accident,B,0.26146427
marcellus,Y,death,B,0.36479282
marcellus,Y,grief,B,0.3400488
marcellus,Y,poison,B,0.37510586
marcellus,Y,stink,B,0.32634252
marcellus,Y,assault,B,0.30312094
marcellus,Y,disaster,B,0.33968717
marcellus,Y,hatred,B,0.35794395
marcellus,Y,pollute,B,0.32776955
marcellus,Y,tragedy,B,0.31055516
marcellus,Y,divorce,B,0.30286226
marcellus,Y,jail,B,0.2754506
marcellus,Y,poverty,B,0.310367
marcellus,Y,ugly,B,0.3206061
marcellus,Y,cancer,B,0.28549623
marcellus,Y,kill,B,0.29580325
marcellus,Y,rotten,B,0.36126587
marcellus,Y,vomit,B,0.3880806
marcellus,Y,agony,B,0.34460163
marcellus,Y,prison,B,0.31525138
terryl,Y,caress,A,0.3854429
terryl,Y,freedom,A,0.4517889
terryl,Y,health,A,0.44903356
terryl,Y,love,A,0.3524912
terryl,Y,peace,A,0.3891944
terryl,Y,cheer,A,0.4052151
terryl,Y,friend,A,0.46206537
terryl,Y,heaven,A,0.30515337
terryl,Y,loyal,A,0.5109851
terryl,Y,pleasure,A,0.33302385
terryl,Y,diamond,A,0.45590603
terryl,Y,gentle,A,0.47131082
terryl,Y,honest,A,0.31787986
terryl,Y,lucky,A,0.33082396
terryl,Y,rainbow,A,0.52736807
terryl,Y,diploma,A,0.42934966
terryl,Y,gift,A,0.48848692
terryl,Y,honor,A,0.38829452
terryl,Y,miracle,A,0.41748953
terryl,Y,sunrise,A,0.3672646
terryl,Y,family,A,0.46357346
terryl,Y,happy,A,0.37751576
terryl,Y,laughter,A,0.3838176
terryl,Y,paradise,A,0.36353356
terryl,Y,vacation,A,0.40803054
terryl,Y,abuse,B,0.3513186
terryl,Y,crash,B,0.46865
terryl,Y,filth,B,0.21939223
terryl,Y,murder,B,0.3638264
terryl,Y,sickness,B,0.3725055
terryl,Y,accident,B,0.3564457
terryl,Y,death,B,0.29891685
terryl,Y,grief,B,0.3489611
terryl,Y,poison,B,0.44837523
terryl,Y,stink,B,0.4079974
terryl,Y,assault,B,0.41897467
terryl,Y,disaster,B,0.31942123
terryl,Y,hatred,B,0.30378515
terryl,Y,pollute,B,0.3188194
terryl,Y,tragedy,B,0.35963988
terryl,Y,divorce,B,0.36403763
terryl,Y,jail,B,0.4599544
terryl,Y,poverty,B,0.31577072
terryl,Y,ugly,B,0.28709647
terryl,Y,cancer,B,0.34020552
terryl,Y,kill,B,0.4249329
terryl,Y,rotten,B,0.23072979
terryl,Y,vomit,B,0.29910964
terryl,Y,agony,B,0.26821202
terryl,Y,prison,B,0.44679123
wardell,Y,caress,A,0.36002448
wardell,Y,freedom,A,0.4247994
wardell,Y,health,A,0.4584971
wardell,Y,love,A,0.37572527
wardell,Y,peace,A,0.41344532
wardell,Y,cheer,A,0.41099417
wardell,Y,friend,A,0.44081748
wardell,Y,heaven,A,0.33223817
wardell,Y,loyal,A,0.4646178
wardell,Y,pleasure,A,0.3502947
wardell,Y,diamond,A,0.4200008
wardell,Y,gentle,A,0.44802368
wardell,Y,honest,A,0.3535607
wardell,Y,lucky,A,0.3393285
wardell,Y,rainbow,A,0.48583356
wardell,Y,diploma,A,0.4428779
wardell,Y,gift,A,0.44484508
wardell,Y,honor,A,0.39758366
wardell,Y,miracle,A,0.38223588
wardell,Y,sunrise,A,0.38971955
wardell,Y,family,A,0.37350515
wardell,Y,happy,A,0.34754294
wardell,Y,laughter,A,0.36271054
wardell,Y,paradise,A,0.3769411
wardell,Y,vacation,A,0.3622573
wardell,Y,abuse,B,0.36795813
wardell,Y,crash,B,0.38900837
wardell,Y,filth,B,0.29098958
wardell,Y,murder,B,0.3964215
wardell,Y,sickness,B,0.41686302
wardell,Y,accident,B,0.42491433
wardell,Y,death,B,0.3770343
wardell,Y,grief,B,0.42167103
wardell,Y,poison,B,0.4906583
wardell,Y,stink,B,0.37362236
wardell,Y,assault,B,0.41694438
wardell,Y,disaster,B,0.34319982
wardell,Y,hatred,B,0.37694126
wardell,Y,pollute,B,0.38671628
wardell,Y,tragedy,B,0.36694178
wardell,Y,divorce,B,0.4044757
wardell,Y,jail,B,0.47614053
wardell,Y,poverty,B,0.36085355
wardell,Y,ugly,B,0.32216966
wardell,Y,cancer,B,0.38074112
wardell,Y,kill,B,0.4286377
wardell,Y,rotten,B,0.27996638
wardell,Y,vomit,B,0.36698484
wardell,Y,agony,B,0.3309981
wardell,Y,prison,B,0.45367932
aiesha,Y,caress,A,0.30129662
aiesha,Y,freedom,A,0.34672418
aiesha,Y,health,A,0.3692593
aiesha,Y,love,A,0.36517873
aiesha,Y,peace,A,0.37793282
aiesha,Y,cheer,A,0.38207364
aiesha,Y,friend,A,0.37063307
aiesha,Y,heaven,A,0.36962336
aiesha,Y,loyal,A,0.42825687
aiesha,Y,pleasure,A,0.338521
aiesha,Y,diamond,A,0.35372972
aiesha,Y,gentle,A,0.33669615
aiesha,Y,honest,A,0.33908898
aiesha,Y,lucky,A,0.34358102
aiesha,Y,rainbow,A,0.40196165
aiesha,Y,diploma,A,0.37428328
aiesha,Y,gift,A,0.35846406
aiesha,Y,honor,A,0.37755397
aiesha,Y,miracle,A,0.35606515
aiesha,Y,sunrise,A,0.43065494
aiesha,Y,family,A,0.3296843
aiesha,Y,happy,A,0.37999135
aiesha,Y,laughter,A,0.35264492
aiesha,Y,paradise,A,0.341888
aiesha,Y,vacation,A,0.35521454
aiesha,Y,abuse,B,0.36055586
aiesha,Y,crash,B,0.41900206
aiesha,Y,filth,B,0.3115132
aiesha,Y,murder,B,0.3566229
aiesha,Y,sickness,B,0.4075597
aiesha,Y,accident,B,0.3310189
aiesha,Y,death,B,0.3517183
aiesha,Y,grief,B,0.37112623
aiesha,Y,poison,B,0.4058847
aiesha,Y,stink,B,0.3150949
aiesha,Y,assault,B,0.40981466
aiesha,Y,disaster,B,0.36378437
aiesha,Y,hatred,B,0.33501208
aiesha,Y,pollute,B,0.390802
aiesha,Y,tragedy,B,0.32288912
aiesha,Y,divorce,B,0.30928785
aiesha,Y,jail,B,0.37597734
aiesha,Y,poverty,B,0.32392806
aiesha,Y,ugly,B,0.32871345
aiesha,Y,cancer,B,0.28726864
aiesha,Y,kill,B,0.3541916
aiesha,Y,rotten,B,0.32552782
aiesha,Y,vomit,B,0.34496328
aiesha,Y,agony,B,0.35462284
aiesha,Y,prison,B,0.37153286
lashelle,Y,caress,A,0.32463723
lashelle,Y,freedom,A,0.29492834
lashelle,Y,health,A,0.24278168
lashelle,Y,love,A,0.31147426
lashelle,Y,peace,A,0.3221266
lashelle,Y,cheer,A,0.35021892
lashelle,Y,friend,A,0.30026427
lashelle,Y,heaven,A,0.38402134
lashelle,Y,loyal,A,0.2772286
lashelle,Y,pleasure,A,0.29922456
lashelle,Y,diamond,A,0.30797356
lashelle,Y,gentle,A,0.27959755
lashelle,Y,honest,A,0.35534143
lashelle,Y,lucky,A,0.36761585
lashelle,Y,rainbow,A,0.3211891
lashelle,Y,diploma,A,0.29483998
lashelle,Y,gift,A,0.30825955
lashelle,Y,honor,A,0.289517
lashelle,Y,miracle,A,0.2914829
lashelle,Y,sunrise,A,0.36787406
lashelle,Y,family,A,0.19697002
lashelle,Y,happy,A,0.29018348
lashelle,Y,laughter,A,0.29722127
lashelle,Y,paradise,A,0.36531946
lashelle,Y,vacation,A,0.32317945
lashelle,Y,abuse,B,0.35619268
lashelle,Y,crash,B,0.42653045
lashelle,Y,filth,B,0.4121306
lashelle,Y,murder,B,0.30142927
lashelle,Y,sickness,B,0.34126174
lashelle,Y,accident,B,0.30225354
lashelle,Y,death,B,0.32715318
lashelle,Y,grief,B,0.33953583
lashelle,Y,poison,B,0.31955135
lashelle,Y,stink,B,0.3125782
lashelle,Y,assault,B,0.38080513
lashelle,Y,disaster,B,0.35668772
lashelle,Y,hatred,B,0.32598722
lashelle,Y,pollute,B,0.36029166
lashelle,Y,tragedy,B,0.27764672
lashelle,Y,divorce,B,0.2671125
lashelle,Y,jail,B,0.3173607
lashelle,Y,poverty,B,0.2687
lashelle,Y,ugly,B,0.32465118
lashelle,Y,cancer,B,0.26527506
lashelle,Y,kill,B,0.31227165
lashelle,Y,rotten,B,0.35824835
lashelle,Y,vomit,B,0.3863669
lashelle,Y,agony,B,0.30054367
lashelle,Y,prison,B,0.3444794
nichelle,Y,caress,A,0.3188015
nichelle,Y,freedom,A,0.27030206
nichelle,Y,health,A,0.22305092
nichelle,Y,love,A,0.32555836
nichelle,Y,peace,A,0.2983277
nichelle,Y,cheer,A,0.2510206
nichelle,Y,friend,A,0.27501333
nichelle,Y,heaven,A,0.3225196
nichelle,Y,loyal,A,0.25811565
nichelle,Y,pleasure,A,0.26301178
nichelle,Y,diamond,A,0.3252322
nichelle,Y,gentle,A,0.2671959
nichelle,Y,honest,A,0.27343914
nichelle,Y,lucky,A,0.36316073
nichelle,Y,rainbow,A,0.26493996
nichelle,Y,diploma,A,0.21632995
nichelle,Y,gift,A,0.25958917
nichelle,Y,honor,A,0.27422097
nichelle,Y,miracle,A,0.32049048
nichelle,Y,sunrise,A,0.34625536
nichelle,Y,family,A,0.17121592
nichelle,Y,happy,A,0.26561308
nichelle,Y,laughter,A,0.30095655
nichelle,Y,paradise,A,0.3562268
nichelle,Y,vacation,A,0.27444723
nichelle,Y,abuse,B,0.26873732
nichelle,Y,crash,B,0.3237602
nichelle,Y,filth,B,0.37058735
nichelle,Y,murder,B,0.33755702
nichelle,Y,sickness,B,0.2946556
nichelle,Y,accident,B,0.2931858
nichelle,Y,death,B,0.3452633
nichelle,Y,grief,B,0.2812168
nichelle,Y,poison,B,0.3004704
nichelle,Y,stink,B,0.285675
nichelle,Y,assault,B,0.30430347
nichelle,Y,disaster,B,0.31368214
nichelle,Y,hatred,B,0.33196214
nichelle,Y,pollute,B,0.25003037
nichelle,Y,tragedy,B,0.29690105
nichelle,Y,divorce,B,0.2117407
nichelle,Y,jail,B,0.25170404
nichelle,Y,poverty,B,0.2779073
nichelle,Y,ugly,B,0.2893094
nichelle,Y,cancer,B,0.21882263
nichelle,Y,kill,B,0.3119201
nichelle,Y,rotten,B,0.2428503
nichelle,Y,vomit,B,0.27464578
nichelle,Y,agony,B,0.31179696
nichelle,Y,prison,B,0.30057126
shereen,Y,caress,A,0.32287952
shereen,Y,freedom,A,0.31964093
shereen,Y,health,A,0.38907385
shereen,Y,love,A,0.3158527
shereen,Y,peace,A,0.3295616
shereen,Y,cheer,A,0.3199023
shereen,Y,friend,A,0.29807183
shereen,Y,heaven,A,0.33885443
shereen,Y,loyal,A,0.33532166
shereen,Y,pleasure,A,0.3532474
shereen,Y,diamond,A,0.3557474
shereen,Y,gentle,A,0.3396049
shereen,Y,honest,A,0.28544396
shereen,Y,lucky,A,0.31225857
shereen,Y,rainbow,A,0.3534655
shereen,Y,diploma,A,0.3764905
shereen,Y,gift,A,0.38357803
shereen,Y,honor,A,0.37903664
shereen,Y,miracle,A,0.3281259
shereen,Y,sunrise,A,0.3525577
shereen,Y,family,A,0.25747508
shereen,Y,happy,A,0.28515553
shereen,Y,laughter,A,0.33190137
shereen,Y,paradise,A,0.31933182
shereen,Y,vacation,A,0.3275529
shereen,Y,abuse,B,0.34682578
shereen,Y,crash,B,0.3192321
shereen,Y,filth,B,0.38012928
shereen,Y,murder,B,0.4198021
shereen,Y,sickness,B,0.41755715
shereen,Y,accident,B,0.36542502
shereen,Y,death,B,0.38315713
shereen,Y,grief,B,0.35529613
shereen,Y,poison,B,0.4064484
shereen,Y,stink,B,0.38878685
shereen,Y,assault,B,0.3877207
shereen,Y,disaster,B,0.3847233
shereen,Y,hatred,B,0.36596054
shereen,Y,pollute,B,0.37476435
shereen,Y,tragedy,B,0.33611825
shereen,Y,divorce,B,0.30787224
shereen,Y,jail,B,0.33975488
shereen,Y,poverty,B,0.36561993
shereen,Y,ugly,B,0.2861462
shereen,Y,cancer,B,0.300701
shereen,Y,kill,B,0.31795165
shereen,Y,rotten,B,0.36039576
shereen,Y,vomit,B,0.38649434
shereen,Y,agony,B,0.34853533
shereen,Y,prison,B,0.34686708
temeka,Y,caress,A,0.3369685
temeka,Y,freedom,A,0.33440638
temeka,Y,health,A,0.37918645
temeka,Y,love,A,0.3110822
temeka,Y,peace,A,0.37187237
temeka,Y,cheer,A,0.33722126
temeka,Y,friend,A,0.37811977
temeka,Y,heaven,A,0.30319786
temeka,Y,loyal,A,0.37287125
temeka,Y,pleasure,A,0.2805604
temeka,Y,diamond,A,0.38448668
temeka,Y,gentle,A,0.3447981
temeka,Y,honest,A,0.28012937
temeka,Y,lucky,A,0.25363886
temeka,Y,rainbow,A,0.36128798
temeka,Y,diploma,A,0.40983832
temeka,Y,gift,A,0.38449165
temeka,Y,honor,A,0.34562153
temeka,Y,miracle,A,0.36147705
temeka,Y,sunrise,A,0.36245668
temeka,Y,family,A,0.40948945
temeka,Y,happy,A,0.33353722
temeka,Y,laughter,A,0.36006784
temeka,Y,paradise,A,0.3280025
temeka,Y,vacation,A,0.32749572
temeka,Y,abuse,B,0.33171266
temeka,Y,crash,B,0.35951263
temeka,Y,filth,B,0.33065003
temeka,Y,murder,B,0.37408555
temeka,Y,sickness,B,0.4094122
temeka,Y,accident,B,0.32927433
temeka,Y,death,B,0.394911
temeka,Y,grief,B,0.357131
temeka,Y,poison,B,0.3507938
temeka,Y,stink,B,0.32746512
temeka,Y,assault,B,0.3827011
temeka,Y,disaster,B,0.30293983
temeka,Y,hatred,B,0.3284757
temeka,Y,pollute,B,0.3303159
temeka,Y,tragedy,B,0.32962865
temeka,Y,divorce,B,0.33834827
temeka,Y,jail,B,0.35852212
temeka,Y,poverty,B,0.36694288
temeka,Y,ugly,B,0.2482065
temeka,Y,cancer,B,0.3118711
temeka,Y,kill,B,0.4056329
temeka,Y,rotten,B,0.26020408
temeka,Y,vomit,B,0.34352866
temeka,Y,agony,B,0.30281475
temeka,Y,prison,B,0.37773913
ebony,Y,caress,A,0.4713579
ebony,Y,freedom,A,0.4420082
ebony,Y,health,A,0.41312975
ebony,Y,love,A,0.4151267
ebony,Y,peace,A,0.47307163
ebony,Y,cheer,A,0.41732058
ebony,Y,friend,A,0.38837564
ebony,Y,heaven,A,0.43626884
ebony,Y,loyal,A,0.43448028
ebony,Y,pleasure,A,0.44046742
ebony,Y,diamond,A,0.62926984
ebony,Y,gentle,A,0.4169481
ebony,Y,honest,A,0.34874052
ebony,Y,lucky,A,0.36682826
ebony,Y,rainbow,A,0.53835124
ebony,Y,diploma,A,0.42346373
ebony,Y,gift,A,0.504581
ebony,Y,honor,A,0.47785875
ebony,Y,miracle,A,0.45021218
ebony,Y,sunrise,A,0.4832036
ebony,Y,family,A,0.3990819
ebony,Y,happy,A,0.3745141
ebony,Y,laughter,A,0.44873405
ebony,Y,paradise,A,0.46527022
ebony,Y,vacation,A,0.40904945
ebony,Y,abuse,B,0.41351333
ebony,Y,crash,B,0.42683434
ebony,Y,filth,B,0.32347777
ebony,Y,murder,B,0.47166803
ebony,Y,sickness,B,0.49970645
ebony,Y,accident,B,0.3865999
ebony,Y,death,B,0.44670302
ebony,Y,grief,B,0.47697636
ebony,Y,poison,B,0.4656717
ebony,Y,stink,B,0.41503227
ebony,Y,assault,B,0.4802816
ebony,Y,disaster,B,0.4092417
ebony,Y,hatred,B,0.4002934
ebony,Y,pollute,B,0.32732648
ebony,Y,tragedy,B,0.4910854
ebony,Y,divorce,B,0.41502202
ebony,Y,jail,B,0.42471597
ebony,Y,poverty,B,0.46292603
ebony,Y,ugly,B,0.39068794
ebony,Y,cancer,B,0.3428446
ebony,Y,kill,B,0.44803053
ebony,Y,rotten,B,0.30807066
ebony,Y,vomit,B,0.4048617
ebony,Y,agony,B,0.48229063
ebony,Y,prison,B,0.45441043
latisha,Y,caress,A,0.3384453
latisha,Y,freedom,A,0.33093464
latisha,Y,health,A,0.26813293
latisha,Y,love,A,0.37142986
latisha,Y,peace,A,0.3280032
latisha,Y,cheer,A,0.378337
latisha,Y,friend,A,0.29138848
latisha,Y,heaven,A,0.38376534
latisha,Y,loyal,A,0.3471275
latisha,Y,pleasure,A,0.3403983
latisha,Y,diamond,A,0.3285436
latisha,Y,gentle,A,0.33007842
latisha,Y,honest,A,0.33275157
latisha,Y,lucky,A,0.40534407
latisha,Y,rainbow,A,0.3098048
latisha,Y,diploma,A,0.31244683
latisha,Y,gift,A,0.30883878
latisha,Y,honor,A,0.34161928
latisha,Y,miracle,A,0.32358238
latisha,Y,sunrise,A,0.36690283
latisha,Y,family,A,0.23266685
latisha,Y,happy,A,0.36238337
latisha,Y,laughter,A,0.28686672
latisha,Y,paradise,A,0.34335297
latisha,Y,vacation,A,0.35774878
latisha,Y,abuse,B,0.36372298
latisha,Y,crash,B,0.4260074
latisha,Y,filth,B,0.4430031
latisha,Y,murder,B,0.37372118
latisha,Y,sickness,B,0.36312193
latisha,Y,accident,B,0.3139027
latisha,Y,death,B,0.34225821
latisha,Y,grief,B,0.32638985
latisha,Y,poison,B,0.32395434
latisha,Y,stink,B,0.3054497
latisha,Y,assault,B,0.39226905
latisha,Y,disaster,B,0.3727895
latisha,Y,hatred,B,0.3539219
latisha,Y,pollute,B,0.34104306
latisha,Y,tragedy,B,0.33567387
latisha,Y,divorce,B,0.29921758
latisha,Y,jail,B,0.34500676
latisha,Y,poverty,B,0.32070002
latisha,Y,ugly,B,0.35555685
latisha,Y,cancer,B,0.29612792
latisha,Y,kill,B,0.3113237
latisha,Y,rotten,B,0.3467633
latisha,Y,vomit,B,0.34095746
latisha,Y,agony,B,0.31648722
latisha,Y,prison,B,0.37533066
shaniqua,Y,caress,A,0.31690943
shaniqua,Y,freedom,A,0.35971144
shaniqua,Y,health,A,0.37775362
shaniqua,Y,love,A,0.30543512
shaniqua,Y,peace,A,0.37256905
shaniqua,Y,cheer,A,0.32528564
shaniqua,Y,friend,A,0.37688303
shaniqua,Y,heaven,A,0.29579479
shaniqua,Y,loyal,A,0.3935457
shaniqua,Y,pleasure,A,0.2662707
shaniqua,Y,diamond,A,0.3548766
shaniqua,Y,gentle,A,0.34959844
shaniqua,Y,honest,A,0.2987494
shaniqua,Y,lucky,A,0.25433362
shaniqua,Y,rainbow,A,0.42988992
shaniqua,Y,diploma,A,0.3713109
shaniqua,Y,gift,A,0.3547236
shaniqua,Y,honor,A,0.30814475
shaniqua,Y,miracle,A,0.2535963
shaniqua,Y,sunrise,A,0.34720445
shaniqua,Y,family,A,0.34287405
shaniqua,Y,happy,A,0.33383197
shaniqua,Y,laughter,A,0.33530173
shaniqua,Y,paradise,A,0.3445617
shaniqua,Y,vacation,A,0.3575877
shaniqua,Y,abuse,B,0.33319736
shaniqua,Y,crash,B,0.33323804
shaniqua,Y,filth,B,0.34919208
shaniqua,Y,murder,B,0.37207973
shaniqua,Y,sickness,B,0.42883456
shaniqua,Y,accident,B,0.3102849
shaniqua,Y,death,B,0.35601318
shaniqua,Y,grief,B,0.3839654
shaniqua,Y,poison,B,0.36211592
shaniqua,Y,stink,B,0.34261802
shaniqua,Y,assault,B,0.40924445
shaniqua,Y,disaster,B,0.34422782
shaniqua,Y,hatred,B,0.3745957
shaniqua,Y,pollute,B,0.43748608
shaniqua,Y,tragedy,B,0.33687878
shaniqua,Y,divorce,B,0.3603936
shaniqua,Y,jail,B,0.3832284
shaniqua,Y,poverty,B,0.39082384
shaniqua,Y,ugly,B,0.3643123
shaniqua,Y,cancer,B,0.32297522
shaniqua,Y,kill,B,0.39173695
shaniqua,Y,rotten,B,0.26954043
shaniqua,Y,vomit,B,0.3700217
shaniqua,Y,agony,B,0.3346042
shaniqua,Y,prison,B,0.3638185
tameisha,Y,caress,A,0.4401437
tameisha,Y,freedom,A,0.40160662
tameisha,Y,health,A,0.3893706
tameisha,Y,love,A,0.425696
tameisha,Y,peace,A,0.4136984
tameisha,Y,cheer,A,0.38477078
tameisha,Y,friend,A,0.41810375
tameisha,Y,heaven,A,0.4094554
tameisha,Y,loyal,A,0.42276806
tameisha,Y,pleasure,A,0.403097
tameisha,Y,diamond,A,0.39463937
tameisha,Y,gentle,A,0.4263235
tameisha,Y,honest,A,0.38634878
tameisha,Y,lucky,A,0.37380084
tameisha,Y,rainbow,A,0.43721092
tameisha,Y,diploma,A,0.3960194
tameisha,Y,gift,A,0.41659808
tameisha,Y,honor,A,0.3869688
tameisha,Y,miracle,A,0.41283685
tameisha,Y,sunrise,A,0.39465183
tameisha,Y,family,A,0.39097422
tameisha,Y,happy,A,0.40224734
tameisha,Y,laughter,A,0.3740932
tameisha,Y,paradise,A,0.41000232
tameisha,Y,vacation,A,0.427839
tameisha,Y,abuse,B,0.41763812
tameisha,Y,crash,B,0.42031443
tameisha,Y,filth,B,0.34855154
tameisha,Y,murder,B,0.3957972
tameisha,Y,sickness,B,0.46238458
tameisha,Y,accident,B,0.38124526
tameisha,Y,death,B,0.4087311
tameisha,Y,grief,B,0.4386176
tameisha,Y,poison,B,0.43735266
tameisha,Y,stink,B,0.36160642
tameisha,Y,assault,B,0.41245267
tameisha,Y,disaster,B,0.39242792
tameisha,Y,hatred,B,0.37941122
tameisha,Y,pollute,B,0.38093665
tameisha,Y,tragedy,B,0.3998615
tameisha,Y,divorce,B,0.40509298
tameisha,Y,jail,B,0.38278085
tameisha,Y,poverty,B,0.4026121
tameisha,Y,ugly,B,0.36823237
tameisha,Y,cancer,B,0.35861087
tameisha,Y,kill,B,0.38864946
tameisha,Y,rotten,B,0.35460293
tameisha,Y,vomit,B,0.33924255
tameisha,Y,agony,B,0.42355898
tameisha,Y,prison,B,0.41199595
teretha,Y,caress,A,0.3511713
teretha,Y,freedom,A,0.3513568
teretha,Y,health,A,0.39379764
teretha,Y,love,A,0.36677942
teretha,Y,peace,A,0.41010752
teretha,Y,cheer,A,0.36595142
teretha,Y,friend,A,0.35619465
teretha,Y,heaven,A,0.405533
teretha,Y,loyal,A,0.4046633
teretha,Y,pleasure,A,0.36480445
teretha,Y,diamond,A,0.45485324
teretha,Y,gentle,A,0.39825952
teretha,Y,honest,A,0.30743086
teretha,Y,lucky,A,0.31944233
teretha,Y,rainbow,A,0.4536961
teretha,Y,diploma,A,0.3574351
teretha,Y,gift,A,0.4168861
teretha,Y,honor,A,0.43096703
teretha,Y,miracle,A,0.36904797
teretha,Y,sunrise,A,0.3898318
teretha,Y,family,A,0.3286347
teretha,Y,happy,A,0.35330153
teretha,Y,laughter,A,0.37159827
teretha,Y,paradise,A,0.39138553
teretha,Y,vacation,A,0.328713
teretha,Y,abuse,B,0.35032684
teretha,Y,crash,B,0.38067478
teretha,Y,filth,B,0.3384872
teretha,Y,murder,B,0.378087
teretha,Y,sickness,B,0.40869677
teretha,Y,accident,B,0.36025238
teretha,Y,death,B,0.397752
teretha,Y,grief,B,0.40582216
teretha,Y,poison,B,0.44102398
teretha,Y,stink,B,0.33114752
teretha,Y,assault,B,0.39921713
teretha,Y,disaster,B,0.35193384
teretha,Y,hatred,B,0.36122742
teretha,Y,pollute,B,0.3732851
teretha,Y,tragedy,B,0.33959335
teretha,Y,divorce,B,0.36637703
teretha,Y,jail,B,0.42116025
teretha,Y,poverty,B,0.3376603
teretha,Y,ugly,B,0.30036187
teretha,Y,cancer,B,0.34901926
teretha,Y,kill,B,0.37683815
teretha,Y,rotten,B,0.27698565
teretha,Y,vomit,B,0.29990292
teretha,Y,agony,B,0.3780548
teretha,Y,prison,B,0.44744623
jasmine,Y,caress,A,0.32026014
jasmine,Y,freedom,A,0.37683004
jasmine,Y,health,A,0.28795147
jasmine,Y,love,A,0.3838021
jasmine,Y,peace,A,0.33419383
jasmine,Y,cheer,A,0.39994216
jasmine,Y,friend,A,0.31363353
jasmine,Y,heaven,A,0.35540876
jasmine,Y,loyal,A,0.41185755
jasmine,Y,pleasure,A,0.2989607
jasmine,Y,diamond,A,0.45535445
jasmine,Y,gentle,A,0.34850472
jasmine,Y,honest,A,0.30112976
jasmine,Y,lucky,A,0.3958618
jasmine,Y,rainbow,A,0.45597786
jasmine,Y,diploma,A,0.3904617
jasmine,Y,gift,A,0.34038883
jasmine,Y,honor,A,0.33442578
jasmine,Y,miracle,A,0.40259808
jasmine,Y,sunrise,A,0.41600096
jasmine,Y,family,A,0.31273013
jasmine,Y,happy,A,0.38371754
jasmine,Y,laughter,A,0.32057256
jasmine,Y,paradise,A,0.40984815
jasmine,Y,vacation,A,0.39035055
jasmine,Y,abuse,B,0.34291965
jasmine,Y,crash,B,0.39070845
jasmine,Y,filth,B,0.26552773
jasmine,Y,murder,B,0.41610563
jasmine,Y,sickness,B,0.35545853
jasmine,Y,accident,B,0.34292305
jasmine,Y,death,B,0.3752251
jasmine,Y,grief,B,0.34669092
jasmine,Y,poison,B,0.4644172
jasmine,Y,stink,B,0.2865875
jasmine,Y,assault,B,0.3849519
jasmine,Y,disaster,B,0.3901869
jasmine,Y,hatred,B,0.36908448
jasmine,Y,pollute,B,0.3142194
jasmine,Y,tragedy,B,0.3800615
jasmine,Y,divorce,B,0.36650664
jasmine,Y,jail,B,0.37357083
jasmine,Y,poverty,B,0.3462627
jasmine,Y,ugly,B,0.22651327
jasmine,Y,cancer,B,0.4068342
jasmine,Y,kill,B,0.33703274
jasmine,Y,rotten,B,0.30445224
jasmine,Y,vomit,B,0.36057216
jasmine,Y,agony,B,0.26601255
jasmine,Y,prison,B,0.3772591
latonya,Y,caress,A,0.3986486
latonya,Y,freedom,A,0.43179017
latonya,Y,health,A,0.4263688
latonya,Y,love,A,0.41030738
latonya,Y,peace,A,0.43709317
latonya,Y,cheer,A,0.41214883
latonya,Y,friend,A,0.4345991
latonya,Y,heaven,A,0.3605928
latonya,Y,loyal,A,0.44722223
latonya,Y,pleasure,A,0.36856514
latonya,Y,diamond,A,0.48243105
latonya,Y,gentle,A,0.481072
latonya,Y,honest,A,0.29348737
latonya,Y,lucky,A,0.35806257
latonya,Y,rainbow,A,0.46797636
latonya,Y,diploma,A,0.40978763
latonya,Y,gift,A,0.46565834
latonya,Y,honor,A,0.40753907
latonya,Y,miracle,A,0.4163372
latonya,Y,sunrise,A,0.407531
latonya,Y,family,A,0.41186142
latonya,Y,happy,A,0.4168129
latonya,Y,laughter,A,0.3834812
latonya,Y,paradise,A,0.44962916
latonya,Y,vacation,A,0.42726174
latonya,Y,abuse,B,0.40452737
latonya,Y,crash,B,0.43736553
latonya,Y,filth,B,0.31374174
latonya,Y,murder,B,0.39878833
latonya,Y,sickness,B,0.4536109
latonya,Y,accident,B,0.37936133
latonya,Y,death,B,0.38992178
latonya,Y,grief,B,0.41893613
latonya,Y,poison,B,0.46640447
latonya,Y,stink,B,0.37624198
latonya,Y,assault,B,0.44042313
latonya,Y,disaster,B,0.39715806
latonya,Y,hatred,B,0.37607014
latonya,Y,pollute,B,0.39305115
latonya,Y,tragedy,B,0.4132539
latonya,Y,divorce,B,0.38454264
latonya,Y,jail,B,0.49265796
latonya,Y,poverty,B,0.42330974
latonya,Y,ugly,B,0.28749454
latonya,Y,cancer,B,0.3877507
latonya,Y,kill,B,0.43753445
latonya,Y,rotten,B,0.26057816
latonya,Y,vomit,B,0.3529146
latonya,Y,agony,B,0.36957264
latonya,Y,prison,B,0.4679342
shanise,Y,caress,A,0.3905384
shanise,Y,freedom,A,0.39780235
shanise,Y,health,A,0.46053207
shanise,Y,love,A,0.38565952
shanise,Y,peace,A,0.37556902
shanise,Y,cheer,A,0.42383334
shanise,Y,friend,A,0.47095358
shanise,Y,heaven,A,0.33212662
shanise,Y,loyal,A,0.50335985
shanise,Y,pleasure,A,0.3756277
shanise,Y,diamond,A,0.47381252
shanise,Y,gentle,A,0.4470807
shanise,Y,honest,A,0.37626094
shanise,Y,lucky,A,0.38285333
shanise,Y,rainbow,A,0.4912502
shanise,Y,diploma,A,0.4443189
shanise,Y,gift,A,0.45101398
shanise,Y,honor,A,0.39359003
shanise,Y,miracle,A,0.38874236
shanise,Y,sunrise,A,0.4201081
shanise,Y,family,A,0.40106553
shanise,Y,happy,A,0.39972562
shanise,Y,laughter,A,0.3667637
shanise,Y,paradise,A,0.41638398
shanise,Y,vacation,A,0.45532542
shanise,Y,abuse,B,0.4246629
shanise,Y,crash,B,0.45538706
shanise,Y,filth,B,0.29261437
shanise,Y,murder,B,0.44251534
shanise,Y,sickness,B,0.4634113
shanise,Y,accident,B,0.39971176
shanise,Y,death,B,0.40310204
shanise,Y,grief,B,0.45752332
shanise,Y,poison,B,0.4813096
shanise,Y,stink,B,0.35994408
shanise,Y,assault,B,0.44437984
shanise,Y,disaster,B,0.41047096
shanise,Y,hatred,B,0.45918196
shanise,Y,pollute,B,0.40749294
shanise,Y,tragedy,B,0.43203974
shanise,Y,divorce,B,0.41150963
shanise,Y,jail,B,0.44916943
shanise,Y,poverty,B,0.42168334
shanise,Y,ugly,B,0.348686
shanise,Y,cancer,B,0.40871853
shanise,Y,kill,B,0.47665477
shanise,Y,rotten,B,0.31216943
shanise,Y,vomit,B,0.3866489
shanise,Y,agony,B,0.4049071
shanise,Y,prison,B,0.44485518
tanisha,Y,caress,A,0.4188402
tanisha,Y,freedom,A,0.36234766
tanisha,Y,health,A,0.383861
tanisha,Y,love,A,0.35945612
tanisha,Y,peace,A,0.3651694
tanisha,Y,cheer,A,0.3706367
tanisha,Y,friend,A,0.4030989
tanisha,Y,heaven,A,0.3764131
tanisha,Y,loyal,A,0.402052
tanisha,Y,pleasure,A,0.37123334
tanisha,Y,diamond,A,0.40472138
tanisha,Y,gentle,A,0.37877125
tanisha,Y,honest,A,0.36686122
tanisha,Y,lucky,A,0.36277285
tanisha,Y,rainbow,A,0.4203356
tanisha,Y,diploma,A,0.36149985
tanisha,Y,gift,A,0.3849106
tanisha,Y,honor,A,0.3295106
tanisha,Y,miracle,A,0.3625278
tanisha,Y,sunrise,A,0.4062471
tanisha,Y,family,A,0.34294203
tanisha,Y,happy,A,0.39597613
tanisha,Y,laughter,A,0.37363297
tanisha,Y,paradise,A,0.3655278
tanisha,Y,vacation,A,0.41349807
tanisha,Y,abuse,B,0.38664314
tanisha,Y,crash,B,0.38615555
tanisha,Y,filth,B,0.39576462
tanisha,Y,murder,B,0.36754993
tanisha,Y,sickness,B,0.4197464
tanisha,Y,accident,B,0.33769768
tanisha,Y,death,B,0.37333435
tanisha,Y,grief,B,0.41271636
tanisha,Y,poison,B,0.38361254
tanisha,Y,stink,B,0.35144755
tanisha,Y,assault,B,0.40128928
tanisha,Y,disaster,B,0.35385606
tanisha,Y,hatred,B,0.34308916
tanisha,Y,pollute,B,0.38450533
tanisha,Y,tragedy,B,0.36273918
tanisha,Y,divorce,B,0.3857191
tanisha,Y,jail,B,0.39673033
tanisha,Y,poverty,B,0.38763338
tanisha,Y,ugly,B,0.37479722
tanisha,Y,cancer,B,0.3504311
tanisha,Y,kill,B,0.35146293
tanisha,Y,rotten,B,0.33172885
tanisha,Y,vomit,B,0.34247088
tanisha,Y,agony,B,0.39473242
tanisha,Y,prison,B,0.41994193
tia,Y,caress,A,0.2764765
tia,Y,freedom,A,0.36301547
tia,Y,health,A,0.37048733
tia,Y,love,A,0.32671118
tia,Y,peace,A,0.36588058
tia,Y,cheer,A,0.37958837
tia,Y,friend,A,0.3669542
tia,Y,heaven,A,0.3701354
tia,Y,loyal,A,0.40268278
tia,Y,pleasure,A,0.33218813
tia,Y,diamond,A,0.43989995
tia,Y,gentle,A,0.32067746
tia,Y,honest,A,0.34661055
tia,Y,lucky,A,0.4460979
tia,Y,rainbow,A,0.46579096
tia,Y,diploma,A,0.36864007
tia,Y,gift,A,0.37355247
tia,Y,honor,A,0.37439024
tia,Y,miracle,A,0.41300797
tia,Y,sunrise,A,0.47163552
tia,Y,family,A,0.35558578
tia,Y,happy,A,0.39772397
tia,Y,laughter,A,0.37109882
tia,Y,paradise,A,0.3964534
tia,Y,vacation,A,0.4098363
tia,Y,abuse,B,0.3319437
tia,Y,crash,B,0.48846075
tia,Y,filth,B,0.29553467
tia,Y,murder,B,0.3868737
tia,Y,sickness,B,0.39436528
tia,Y,accident,B,0.3608439
tia,Y,death,B,0.34953266
tia,Y,grief,B,0.38001525
tia,Y,poison,B,0.44968337
tia,Y,stink,B,0.30867863
tia,Y,assault,B,0.38062227
tia,Y,disaster,B,0.40975055
tia,Y,hatred,B,0.33200836
tia,Y,pollute,B,0.31961408
tia,Y,tragedy,B,0.38822737
tia,Y,divorce,B,0.38461682
tia,Y,jail,B,0.38852713
tia,Y,poverty,B,0.3922273
tia,Y,ugly,B,0.27449536
tia,Y,cancer,B,0.3138587
tia,Y,kill,B,0.3332986
tia,Y,rotten,B,0.3526892
tia,Y,vomit,B,0.30368847
tia,Y,agony,B,0.35043862
tia,Y,prison,B,0.39406297
lakisha,Y,caress,A,0.39554653
lakisha,Y,freedom,A,0.41328678
lakisha,Y,health,A,0.44804883
lakisha,Y,love,A,0.41813034
lakisha,Y,peace,A,0.39396814
lakisha,Y,cheer,A,0.4210661
lakisha,Y,friend,A,0.41028738
lakisha,Y,heaven,A,0.40968046
lakisha,Y,loyal,A,0.42127514
lakisha,Y,pleasure,A,0.37468818
lakisha,Y,diamond,A,0.4232222
lakisha,Y,gentle,A,0.4329767
lakisha,Y,honest,A,0.28910342
lakisha,Y,lucky,A,0.33914748
lakisha,Y,rainbow,A,0.4592979
lakisha,Y,diploma,A,0.4285679
lakisha,Y,gift,A,0.43595442
lakisha,Y,honor,A,0.35499525
lakisha,Y,miracle,A,0.39476505
lakisha,Y,sunrise,A,0.4041993
lakisha,Y,family,A,0.4287613
lakisha,Y,happy,A,0.40734917
lakisha,Y,laughter,A,0.3591572
lakisha,Y,paradise,A,0.4112884
lakisha,Y,vacation,A,0.42504764
lakisha,Y,abuse,B,0.39658245
lakisha,Y,crash,B,0.419879
lakisha,Y,filth,B,0.3604366
lakisha,Y,murder,B,0.3776699
lakisha,Y,sickness,B,0.45459527
lakisha,Y,accident,B,0.38735437
lakisha,Y,death,B,0.40163204
lakisha,Y,grief,B,0.42130405
lakisha,Y,poison,B,0.42765522
lakisha,Y,stink,B,0.36617306
lakisha,Y,assault,B,0.43057472
lakisha,Y,disaster,B,0.39956564
lakisha,Y,hatred,B,0.39619547
lakisha,Y,pollute,B,0.45256647
lakisha,Y,tragedy,B,0.36155236
lakisha,Y,divorce,B,0.3968981
lakisha,Y,jail,B,0.48040414
lakisha,Y,poverty,B,0.40315884
lakisha,Y,ugly,B,0.30326813
lakisha,Y,cancer,B,0.40416545
lakisha,Y,kill,B,0.4022417
lakisha,Y,rotten,B,0.31616157
lakisha,Y,vomit,B,0.4128013
lakisha,Y,agony,B,0.3606254
lakisha,Y,prison,B,0.4334119
latoya,Y,caress,A,0.34247285
latoya,Y,freedom,A,0.3318417
latoya,Y,health,A,0.29236245
latoya,Y,love,A,0.35282648
latoya,Y,peace,A,0.3504628
latoya,Y,cheer,A,0.3257051
latoya,Y,friend,A,0.283323
latoya,Y,heaven,A,0.40201235
latoya,Y,loyal,A,0.28765887
latoya,Y,pleasure,A,0.34113955
latoya,Y,diamond,A,0.3020712
latoya,Y,gentle,A,0.32843295
latoya,Y,honest,A,0.29981235
latoya,Y,lucky,A,0.39616373
latoya,Y,rainbow,A,0.3230256
latoya,Y,diploma,A,0.29562473
latoya,Y,gift,A,0.28545827
latoya,Y,honor,A,0.32904965
latoya,Y,miracle,A,0.31716305
latoya,Y,sunrise,A,0.37325516
latoya,Y,family,A,0.22145182
latoya,Y,happy,A,0.3494956
latoya,Y,laughter,A,0.28943312
latoya,Y,paradise,A,0.40864533
latoya,Y,vacation,A,0.36782742
latoya,Y,abuse,B,0.3160175
latoya,Y,crash,B,0.3676616
latoya,Y,filth,B,0.42479956
latoya,Y,murder,B,0.35523534
latoya,Y,sickness,B,0.32239538
latoya,Y,accident,B,0.30790493
latoya,Y,death,B,0.34791982
latoya,Y,grief,B,0.27510303
latoya,Y,poison,B,0.3181118
latoya,Y,stink,B,0.25419778
latoya,Y,assault,B,0.36360878
latoya,Y,disaster,B,0.3308307
latoya,Y,hatred,B,0.31017834
latoya,Y,pollute,B,0.35325122
latoya,Y,tragedy,B,0.317936
latoya,Y,divorce,B,0.319085
latoya,Y,jail,B,0.3307242
latoya,Y,poverty,B,0.32910788
latoya,Y,ugly,B,0.32496172
latoya,Y,cancer,B,0.2799527
latoya,Y,kill,B,0.30801165
latoya,Y,rotten,B,0.3351163
latoya,Y,vomit,B,0.2879672
latoya,Y,agony,B,0.31982556
latoya,Y,prison,B,0.3535031
sharise,Y,caress,A,0.35876456
sharise,Y,freedom,A,0.36239076
sharise,Y,health,A,0.32798636
sharise,Y,love,A,0.3454896
sharise,Y,peace,A,0.4285975
sharise,Y,cheer,A,0.36119857
sharise,Y,friend,A,0.32574347
sharise,Y,heaven,A,0.4184616
sharise,Y,loyal,A,0.38259602
sharise,Y,pleasure,A,0.3542949
sharise,Y,diamond,A,0.43907702
sharise,Y,gentle,A,0.3730486
sharise,Y,honest,A,0.31444767
sharise,Y,lucky,A,0.34880733
sharise,Y,rainbow,A,0.45143408
sharise,Y,diploma,A,0.3610482
sharise,Y,gift,A,0.4479922
sharise,Y,honor,A,0.40173987
sharise,Y,miracle,A,0.37160265
sharise,Y,sunrise,A,0.4963906
sharise,Y,family,A,0.31897837
sharise,Y,happy,A,0.30763143
sharise,Y,laughter,A,0.27716523
sharise,Y,paradise,A,0.3537408
sharise,Y,vacation,A,0.35251847
sharise,Y,abuse,B,0.35942656
sharise,Y,crash,B,0.3673297
sharise,Y,filth,B,0.36177993
sharise,Y,murder,B,0.3720197
sharise,Y,sickness,B,0.41376168
sharise,Y,accident,B,0.33290994
sharise,Y,death,B,0.40064698
sharise,Y,grief,B,0.38567358
sharise,Y,poison,B,0.41638035
sharise,Y,stink,B,0.32154238
sharise,Y,assault,B,0.4001704
sharise,Y,disaster,B,0.3872855
sharise,Y,hatred,B,0.3764178
sharise,Y,pollute,B,0.34650424
sharise,Y,tragedy,B,0.36206967
sharise,Y,divorce,B,0.3859247
sharise,Y,jail,B,0.36589196
sharise,Y,poverty,B,0.3495829
sharise,Y,ugly,B,0.36782026
sharise,Y,cancer,B,0.3399878
sharise,Y,kill,B,0.3476715
sharise,Y,rotten,B,0.3204344
sharise,Y,vomit,B,0.32376045
sharise,Y,agony,B,0.33837813
sharise,Y,prison,B,0.40757856
tashika,Y,caress,A,0.40737873
tashika,Y,freedom,A,0.3490954
tashika,Y,health,A,0.35652167
tashika,Y,love,A,0.3615959
tashika,Y,peace,A,0.34297246
tashika,Y,cheer,A,0.38313425
tashika,Y,friend,A,0.3529654
tashika,Y,heaven,A,0.37531263
tashika,Y,loyal,A,0.39377406
tashika,Y,pleasure,A,0.335387
tashika,Y,diamond,A,0.36387053
tashika,Y,gentle,A,0.36034876
tashika,Y,honest,A,0.33854806
tashika,Y,lucky,A,0.3253957
tashika,Y,rainbow,A,0.37675762
tashika,Y,diploma,A,0.35969263
tashika,Y,gift,A,0.36722502
tashika,Y,honor,A,0.3409521
tashika,Y,miracle,A,0.35808218
tashika,Y,sunrise,A,0.39631557
tashika,Y,family,A,0.34235817
tashika,Y,happy,A,0.337065
tashika,Y,laughter,A,0.3367871
tashika,Y,paradise,A,0.3310619
tashika,Y,vacation,A,0.36380827
tashika,Y,abuse,B,0.377666
tashika,Y,crash,B,0.43425196
tashika,Y,filth,B,0.36700052
tashika,Y,murder,B,0.3697273
tashika,Y,sickness,B,0.3947068
tashika,Y,accident,B,0.347155
tashika,Y,death,B,0.37631512
tashika,Y,grief,B,0.36040276
tashika,Y,poison,B,0.3996096
tashika,Y,stink,B,0.33779347
tashika,Y,assault,B,0.40589905
tashika,Y,disaster,B,0.3586362
tashika,Y,hatred,B,0.36057827
tashika,Y,pollute,B,0.34719267
tashika,Y,tragedy,B,0.34399542
tashika,Y,divorce,B,0.35050493
tashika,Y,jail,B,0.34801316
tashika,Y,poverty,B,0.32810372
tashika,Y,ugly,B,0.32021996
tashika,Y,cancer,B,0.29924375
tashika,Y,kill,B,0.3841365
tashika,Y,rotten,B,0.33741277
tashika,Y,vomit,B,0.37684163
tashika,Y,agony,B,0.33534372
tashika,Y,prison,B,0.3768542
yolanda,Y,caress,A,0.3505078
yolanda,Y,freedom,A,0.37321752
yolanda,Y,health,A,0.3607942
yolanda,Y,love,A,0.3776298
yolanda,Y,peace,A,0.39801025
yolanda,Y,cheer,A,0.40061545
yolanda,Y,friend,A,0.3035234
yolanda,Y,heaven,A,0.42927116
yolanda,Y,loyal,A,0.3193916
yolanda,Y,pleasure,A,0.3301204
yolanda,Y,diamond,A,0.38388816
yolanda,Y,gentle,A,0.29987842
yolanda,Y,honest,A,0.2592615
yolanda,Y,lucky,A,0.4129914
yolanda,Y,rainbow,A,0.40518713
yolanda,Y,diploma,A,0.34188008
yolanda,Y,gift,A,0.36240083
yolanda,Y,honor,A,0.3208511
yolanda,Y,miracle,A,0.43443674
yolanda,Y,sunrise,A,0.4195733
yolanda,Y,family,A,0.27128553
yolanda,Y,happy,A,0.4293364
yolanda,Y,laughter,A,0.34553975
yolanda,Y,paradise,A,0.41280842
yolanda,Y,vacation,A,0.4173892
yolanda,Y,abuse,B,0.3396078
yolanda,Y,crash,B,0.33007267
yolanda,Y,filth,B,0.3648354
yolanda,Y,murder,B,0.3706088
yolanda,Y,sickness,B,0.37727034
yolanda,Y,accident,B,0.33891752
yolanda,Y,death,B,0.33686775
yolanda,Y,grief,B,0.38505787
yolanda,Y,poison,B,0.39261186
yolanda,Y,stink,B,0.32553852
yolanda,Y,assault,B,0.38629168
yolanda,Y,disaster,B,0.3833509
yolanda,Y,hatred,B,0.3607406
yolanda,Y,pollute,B,0.39987403
yolanda,Y,tragedy,B,0.3323967
yolanda,Y,divorce,B,0.32642365
yolanda,Y,jail,B,0.34906435
yolanda,Y,poverty,B,0.3411063
yolanda,Y,ugly,B,0.28302175
yolanda,Y,cancer,B,0.36669198
yolanda,Y,kill,B,0.32218528
yolanda,Y,rotten,B,0.3439256
yolanda,Y,vomit,B,0.38808393
yolanda,Y,agony,B,0.33170694
yolanda,Y,prison,B,0.32714677
lashandra,Y,caress,A,0.3241781
lashandra,Y,freedom,A,0.35387737
lashandra,Y,health,A,0.30906594
lashandra,Y,love,A,0.33155245
lashandra,Y,peace,A,0.3398367
lashandra,Y,cheer,A,0.41878447
lashandra,Y,friend,A,0.35851806
lashandra,Y,heaven,A,0.39307222
lashandra,Y,loyal,A,0.41800487
lashandra,Y,pleasure,A,0.3354656
lashandra,Y,diamond,A,0.41506633
lashandra,Y,gentle,A,0.36614048
lashandra,Y,honest,A,0.31084567
lashandra,Y,lucky,A,0.38441634
lashandra,Y,rainbow,A,0.39398208
lashandra,Y,diploma,A,0.38200936
lashandra,Y,gift,A,0.3868766
lashandra,Y,honor,A,0.38573867
lashandra,Y,miracle,A,0.33494884
lashandra,Y,sunrise,A,0.38536894
lashandra,Y,family,A,0.30159014
lashandra,Y,happy,A,0.30029783
lashandra,Y,laughter,A,0.34814483
lashandra,Y,paradise,A,0.41812074
lashandra,Y,vacation,A,0.32015952
lashandra,Y,abuse,B,0.40464744
lashandra,Y,crash,B,0.42985392
lashandra,Y,filth,B,0.37778342
lashandra,Y,murder,B,0.3827234
lashandra,Y,sickness,B,0.4112251
lashandra,Y,accident,B,0.3491332
lashandra,Y,death,B,0.38766387
lashandra,Y,grief,B,0.38166684
lashandra,Y,poison,B,0.45436215
lashandra,Y,stink,B,0.37660056
lashandra,Y,assault,B,0.43041372
lashandra,Y,disaster,B,0.40964612
lashandra,Y,hatred,B,0.4134509
lashandra,Y,pollute,B,0.41176152
lashandra,Y,tragedy,B,0.3492456
lashandra,Y,divorce,B,0.3161251
lashandra,Y,jail,B,0.43796325
lashandra,Y,poverty,B,0.35412812
lashandra,Y,ugly,B,0.35108072
lashandra,Y,cancer,B,0.2998703
lashandra,Y,kill,B,0.35302645
lashandra,Y,rotten,B,0.36102065
lashandra,Y,vomit,B,0.4106175
lashandra,Y,agony,B,0.36001164
lashandra,Y,prison,B,0.40399092
malika,Y,caress,A,0.38534847
malika,Y,freedom,A,0.41419774
malika,Y,health,A,0.4137066
malika,Y,love,A,0.413611
malika,Y,peace,A,0.45780054
malika,Y,cheer,A,0.4124353
malika,Y,friend,A,0.46748018
malika,Y,heaven,A,0.38794863
malika,Y,loyal,A,0.45136887
malika,Y,pleasure,A,0.3451
malika,Y,diamond,A,0.46816847
malika,Y,gentle,A,0.42329037
malika,Y,honest,A,0.36464965
malika,Y,lucky,A,0.44992653
malika,Y,rainbow,A,0.4913294
malika,Y,diploma,A,0.44326058
malika,Y,gift,A,0.4587612
malika,Y,honor,A,0.38856846
malika,Y,miracle,A,0.43018392
malika,Y,sunrise,A,0.4815621
malika,Y,family,A,0.42734927
malika,Y,happy,A,0.43374455
malika,Y,laughter,A,0.4032767
malika,Y,paradise,A,0.42181787
malika,Y,vacation,A,0.4074152
malika,Y,abuse,B,0.38907143
malika,Y,crash,B,0.4876029
malika,Y,filth,B,0.3417235
malika,Y,murder,B,0.4103235
malika,Y,sickness,B,0.43964383
malika,Y,accident,B,0.42562482
malika,Y,death,B,0.42890325
malika,Y,grief,B,0.44337544
malika,Y,poison,B,0.46647304
malika,Y,stink,B,0.3635594
malika,Y,assault,B,0.46629286
malika,Y,disaster,B,0.4340256
malika,Y,hatred,B,0.42052847
malika,Y,pollute,B,0.41473985
malika,Y,tragedy,B,0.3861041
malika,Y,divorce,B,0.42569155
malika,Y,jail,B,0.4670031
malika,Y,poverty,B,0.36411676
malika,Y,ugly,B,0.36126673
malika,Y,cancer,B,0.36279786
malika,Y,kill,B,0.440668
malika,Y,rotten,B,0.3042723
malika,Y,vomit,B,0.39660603
malika,Y,agony,B,0.35002387
malika,Y,prison,B,0.46390164
shavonn,Y,caress,A,0.35104024
shavonn,Y,freedom,A,0.35897464
shavonn,Y,health,A,0.36916417
shavonn,Y,love,A,0.36051917
shavonn,Y,peace,A,0.42678693
shavonn,Y,cheer,A,0.3849333
shavonn,Y,friend,A,0.40576094
shavonn,Y,heaven,A,0.3653829
shavonn,Y,loyal,A,0.44606608
shavonn,Y,pleasure,A,0.35936055
shavonn,Y,diamond,A,0.4199
shavonn,Y,gentle,A,0.38338816
shavonn,Y,honest,A,0.3403458
shavonn,Y,lucky,A,0.32761383
shavonn,Y,rainbow,A,0.44706765
shavonn,Y,diploma,A,0.35086757
shavonn,Y,gift,A,0.44710806
shavonn,Y,honor,A,0.3938455
shavonn,Y,miracle,A,0.34608996
shavonn,Y,sunrise,A,0.42710486
shavonn,Y,family,A,0.3340154
shavonn,Y,happy,A,0.35470277
shavonn,Y,laughter,A,0.3707906
shavonn,Y,paradise,A,0.35661447
shavonn,Y,vacation,A,0.3605807
shavonn,Y,abuse,B,0.3681779
shavonn,Y,crash,B,0.424376
shavonn,Y,filth,B,0.31822324
shavonn,Y,murder,B,0.3548316
shavonn,Y,sickness,B,0.40311897
shavonn,Y,accident,B,0.29972452
shavonn,Y,death,B,0.36659986
shavonn,Y,grief,B,0.4443177
shavonn,Y,poison,B,0.4316099
shavonn,Y,stink,B,0.38349444
shavonn,Y,assault,B,0.39280158
shavonn,Y,disaster,B,0.3699305
shavonn,Y,hatred,B,0.39028937
shavonn,Y,pollute,B,0.36380398
shavonn,Y,tragedy,B,0.37026295
shavonn,Y,divorce,B,0.33708102
shavonn,Y,jail,B,0.42635936
shavonn,Y,poverty,B,0.3761233
shavonn,Y,ugly,B,0.31389388
shavonn,Y,cancer,B,0.33231905
shavonn,Y,kill,B,0.38300574
shavonn,Y,rotten,B,0.31908578
shavonn,Y,vomit,B,0.33735698
shavonn,Y,agony,B,0.34903473
shavonn,Y,prison,B,0.41921362
tawanda,Y,caress,A,0.34348714
tawanda,Y,freedom,A,0.43744227
tawanda,Y,health,A,0.4224735
tawanda,Y,love,A,0.34398228
tawanda,Y,peace,A,0.37271088
tawanda,Y,cheer,A,0.38042843
tawanda,Y,friend,A,0.36609548
tawanda,Y,heaven,A,0.35888326
tawanda,Y,loyal,A,0.39226353
tawanda,Y,pleasure,A,0.3124817
tawanda,Y,diamond,A,0.42967534
tawanda,Y,gentle,A,0.36109215
tawanda,Y,honest,A,0.26030597
tawanda,Y,lucky,A,0.2760176
tawanda,Y,rainbow,A,0.45612022
tawanda,Y,diploma,A,0.42513627
tawanda,Y,gift,A,0.43223196
tawanda,Y,honor,A,0.37590605
tawanda,Y,miracle,A,0.36732367
tawanda,Y,sunrise,A,0.39431578
tawanda,Y,family,A,0.41184863
tawanda,Y,happy,A,0.3514225
tawanda,Y,laughter,A,0.34681433
tawanda,Y,paradise,A,0.38338786
tawanda,Y,vacation,A,0.35382226
tawanda,Y,abuse,B,0.38395625
tawanda,Y,crash,B,0.3773492
tawanda,Y,filth,B,0.3721792
tawanda,Y,murder,B,0.3846102
tawanda,Y,sickness,B,0.44845325
tawanda,Y,accident,B,0.40098086
tawanda,Y,death,B,0.36758238
tawanda,Y,grief,B,0.3710033
tawanda,Y,poison,B,0.42801395
tawanda,Y,stink,B,0.39582574
tawanda,Y,assault,B,0.45499775
tawanda,Y,disaster,B,0.43293965
tawanda,Y,hatred,B,0.3749405
tawanda,Y,pollute,B,0.42135826
tawanda,Y,tragedy,B,0.3842191
tawanda,Y,divorce,B,0.37185264
tawanda,Y,jail,B,0.43730068
tawanda,Y,poverty,B,0.4217648
tawanda,Y,ugly,B,0.34358615
tawanda,Y,cancer,B,0.3408013
tawanda,Y,kill,B,0.41751224
tawanda,Y,rotten,B,0.27702206
tawanda,Y,vomit,B,0.40575993
tawanda,Y,agony,B,0.3086558
tawanda,Y,prison,B,0.41505703
yvette,Y,caress,A,0.25569862
yvette,Y,freedom,A,0.24994838
yvette,Y,health,A,0.23593616
yvette,Y,love,A,0.3324449
yvette,Y,peace,A,0.29784328
yvette,Y,cheer,A,0.28609937
yvette,Y,friend,A,0.21471475
yvette,Y,heaven,A,0.3637766
yvette,Y,loyal,A,0.22971287
yvette,Y,pleasure,A,0.27507263
yvette,Y,diamond,A,0.2832293
yvette,Y,gentle,A,0.2229164
yvette,Y,honest,A,0.34453326
yvette,Y,lucky,A,0.3272353
yvette,Y,rainbow,A,0.24796177
yvette,Y,diploma,A,0.28128976
yvette,Y,gift,A,0.2645719
yvette,Y,honor,A,0.2523852
yvette,Y,miracle,A,0.26146087
yvette,Y,sunrise,A,0.33616203
yvette,Y,family,A,0.18605751
yvette,Y,happy,A,0.30641592
yvette,Y,laughter,A,0.26043767
yvette,Y,paradise,A,0.2984256
yvette,Y,vacation,A,0.30499274
yvette,Y,abuse,B,0.30556154
yvette,Y,crash,B,0.31519908
yvette,Y,filth,B,0.40198436
yvette,Y,murder,B,0.323362
yvette,Y,sickness,B,0.24065037
yvette,Y,accident,B,0.25307733
yvette,Y,death,B,0.32357776
yvette,Y,grief,B,0.2967497
yvette,Y,poison,B,0.29608452
yvette,Y,stink,B,0.21513954
yvette,Y,assault,B,0.30066502
yvette,Y,disaster,B,0.29020995
yvette,Y,hatred,B,0.3381107
yvette,Y,pollute,B,0.31285477
yvette,Y,tragedy,B,0.2389029
yvette,Y,divorce,B,0.27566427
yvette,Y,jail,B,0.2528699
yvette,Y,poverty,B,0.28216505
yvette,Y,ugly,B,0.30309898
yvette,Y,cancer,B,0.2683584
yvette,Y,kill,B,0.27750733
yvette,Y,rotten,B,0.3873613
yvette,Y,vomit,B,0.3159055
yvette,Y,agony,B,0.2895144
yvette,Y,prison,B,0.27458805
