target_word,target_group,attribute_word,attribute_group,cosine_similarity
adam,X,caress,A,0.18943262
adam,X,freedom,A,0.08288405
adam,X,health,A,0.013625764
adam,X,love,A,0.20831233
adam,X,peace,A,0.07078379
adam,X,cheer,A,0.0118634915
adam,X,friend,A,0.16138716
adam,X,heaven,A,0.27351242
adam,X,loyal,A,0.046605173
adam,X,pleasure,A,0.039050452
adam,X,diamond,A,0.093602516
adam,X,gentle,A,0.019902134
adam,X,honest,A,0.10890631
adam,X,lucky,A,0.1390413
adam,X,rainbow,A,0.1340122
adam,X,diploma,A,-0.03732903
adam,X,gift,A,0.09323534
adam,X,honor,A,0.03563064
adam,X,miracle,A,0.16939445
adam,X,sunrise,A,0.1476939
adam,X,family,A,0.060356747
adam,X,happy,A,0.096410096
adam,X,laughter,A,0.029076396
adam,X,paradise,A,0.1599347
adam,X,vacation,A,0.031169342
adam,X,abuse,B,0.07314086
adam,X,crash,B,0.08108052
adam,X,filth,B,0.18447119
adam,X,murder,B,0.06062806
adam,X,sickness,B,0.14877525
adam,X,accident,B,0.088356346
adam,X,death,B,0.10098612
adam,X,grief,B,0.067121774
adam,X,poison,B,0.13991219
adam,X,stink,B,0.1930371
adam,X,assault,B,0.06858556
adam,X,disaster,B,0.07049667
adam,X,hatred,B,0.14464124
adam,X,pollute,B,0.08928854
adam,X,tragedy,B,0.07470821
adam,X,divorce,B,0.1346104
adam,X,jail,B,0.048346143
adam,X,poverty,B,-0.031994198
adam,X,ugly,B,0.15002221
adam,X,cancer,B,0.05574403
adam,X,kill,B,0.14101367
adam,X,rotten,B,0.21212642
adam,X,vomit,B,0.20399587
adam,X,agony,B,0.04609578
adam,X,prison,B,-0.025401572
chip,X,caress,A,0.12171434
chip,X,freedom,A,0.015687576
chip,X,health,A,0.0103625115
chip,X,love,A,0.031104833
chip,X,peace,A,0.08043775
chip,X,cheer,A,0.07637424
chip,X,friend,A,0.019573912
chip,X,heaven,A,0.13603424
chip,X,loyal,A,0.0068740738
chip,X,pleasure,A,-0.04720338
chip,X,diamond,A,0.23837142
chip,X,gentle,A,0.06435321
chip,X,honest,A,0.10227706
chip,X,lucky,A,0.07986374
chip,X,rainbow,A,0.16680698
chip,X,diploma,A,0.0066589
chip,X,gift,A,0.0860037
chip,X,honor,A,0.05435061
chip,X,miracle,A,0.14721407
chip,X,sunrise,A,0.03539153
chip,X,family,A,0.025966354
chip,X,happy,A,0.029002754
chip,X,laughter,A,-0.052169062
chip,X,paradise,A,0.06863504
chip,X,vacation,A,-0.006719662
chip,X,abuse,B,0.06633323
chip,X,crash,B,0.06747003
chip,X,filth,B,-0.013640317
chip,X,murder,B,0.0015590452
chip,X,sickness,B,-0.050478105
chip,X,accident,B,0.006914015
chip,X,death,B,-0.055315252
chip,X,grief,B,0.003601502
chip,X,poison,B,-0.0133868335
chip,X,stink,B,0.07078586
chip,X,assault,B,0.07772877
chip,X,disaster,B,0.005271845
chip,X,hatred,B,-0.0015127043
chip,X,pollute,B,0.05778638
chip,X,tragedy,B,-0.0781567
chip,X,divorce,B,0.0048081344
chip,X,jail,B,0.0933
chip,X,poverty,B,-0.03434718
chip,X,ugly,B,0.12558848
chip,X,cancer,B,0.12234246
chip,X,kill,B,0.09865516
chip,X,rotten,B,0.09175074
chip,X,vomit,B,-0.03649991
chip,X,agony,B,0.06791439
chip,X,prison,B,0.0565675
harry,X,caress,A,0.15145114
harry,X,freedom,A,0.13091747
harry,X,health,A,-0.013118097
harry,X,love,A,0.17176376
harry,X,peace,A,0.09648249
harry,X,cheer,A,0.121196695
harry,X,friend,A,0.08160584
harry,X,heaven,A,0.12854524
harry,X,loyal,A,0.110128134
harry,X,pleasure,A,0.06378247
harry,X,diamond,A,0.103273265
harry,X,gentle,A,0.053161584
harry,X,honest,A,0.1934668
harry,X,lucky,A,0.0498437
harry,X,rainbow,A,0.12758142
harry,X,diploma,A,0.013518255
harry,X,gift,A,-0.009672662
harry,X,honor,A,-0.004563288
harry,X,miracle,A,0.08592182
harry,X,sunrise,A,0.12527575
harry,X,family,A,-0.05251825
harry,X,happy,A,0.12011348
harry,X,laughter,A,0.014016281
harry,X,paradise,A,0.14143388
harry,X,vacation,A,0.06823097
harry,X,abuse,B,0.064430915
harry,X,crash,B,-0.029658081
harry,X,filth,B,0.08142692
harry,X,murder,B,0.03161018
harry,X,sickness,B,0.11205896
harry,X,accident,B,-0.03641623
harry,X,death,B,0.035276785
harry,X,grief,B,-0.011598294
harry,X,poison,B,0.070464686
harry,X,stink,B,0.15770563
harry,X,assault,B,0.041156635
harry,X,disaster,B,-0.036794476
harry,X,hatred,B,0.053524632
harry,X,pollute,B,0.14580509
harry,X,tragedy,B,-0.06839137
harry,X,divorce,B,0.07403602
harry,X,jail,B,0.050592817
harry,X,poverty,B,-0.009189626
harry,X,ugly,B,0.1263813
harry,X,cancer,B,-0.0038459017
harry,X,kill,B,0.24073611
harry,X,rotten,B,0.16060969
harry,X,vomit,B,0.0945077
harry,X,agony,B,0.07115166
harry,X,prison,B,0.007347197
josh,X,caress,A,0.15521109
josh,X,freedom,A,0.14920443
josh,X,health,A,0.04978275
josh,X,love,A,0.24320273
josh,X,peace,A,0.16572088
josh,X,cheer,A,0.1843725
josh,X,friend,A,0.17907156
josh,X,heaven,A,0.1899454
josh,X,loyal,A,0.009316051
josh,X,pleasure,A,0.10378741
josh,X,diamond,A,0.066762574
josh,X,gentle,A,0.104589194
josh,X,honest,A,0.17592563
josh,X,lucky,A,0.1256814
josh,X,rainbow,A,0.13609342
josh,X,diploma,A,0.05206088
josh,X,gift,A,0.056220725
josh,X,honor,A,0.058147196
josh,X,miracle,A,0.09523917
josh,X,sunrise,A,0.12016198
josh,X,family,A,0.05648165
josh,X,happy,A,0.18420868
josh,X,laughter,A,0.18433751
josh,X,paradise,A,0.09571299
josh,X,vacation,A,0.0058305888
josh,X,abuse,B,0.013974004
josh,X,crash,B,0.06436458
josh,X,filth,B,0.14918591
josh,X,murder,B,0.04881524
josh,X,sickness,B,0.087453336
josh,X,accident,B,0.038502622
josh,X,death,B,0.07943345
josh,X,grief,B,0.14394917
josh,X,poison,B,0.060823448
josh,X,stink,B,0.13962947
josh,X,assault,B,0.07239887
josh,X,disaster,B,-0.017506292
josh,X,hatred,B,0.18091296
josh,X,pollute,B,0.06259921
josh,X,tragedy,B,0.048060566
josh,X,divorce,B,0.054771047
josh,X,jail,B,0.043134596
josh,X,poverty,B,0.060156252
josh,X,ugly,B,0.0629321
josh,X,cancer,B,0.03990993
josh,X,kill,B,0.09125249
josh,X,rotten,B,0.047814567
josh,X,vomit,B,0.18326837
josh,X,agony,B,0.0874723
josh,X,prison,B,-0.013160395
roger,X,caress,A,0.21070777
roger,X,freedom,A,0.054839678
roger,X,health,A,0.017659172
roger,X,love,A,0.20393577
roger,X,peace,A,0.037023887
roger,X,cheer,A,0.060819235
roger,X,friend,A,0.1523002
roger,X,heaven,A,0.19058515
roger,X,loyal,A,-0.011427638
roger,X,pleasure,A,0.13969947
roger,X,diamond,A,0.09060331
roger,X,gentle,A,0.1687612
roger,X,honest,A,0.1406478
roger,X,lucky,A,0.16566832
roger,X,rainbow,A,0.15375598
roger,X,diploma,A,0.02937302
roger,X,gift,A,0.020889206
roger,X,honor,A,0.028659273
roger,X,miracle,A,0.07562185
roger,X,sunrise,A,0.13149375
roger,X,family,A,-0.07523731
roger,X,happy,A,0.081252344
roger,X,laughter,A,0.15530859
roger,X,paradise,A,0.043763198
roger,X,vacation,A,-0.019139389
roger,X,abuse,B,0.07368826
roger,X,crash,B,0.18517877
roger,X,filth,B,0.13548683
roger,X,murder,B,0.04974188
roger,X,sickness,B,0.12244505
roger,X,accident,B,0.1309769
roger,X,death,B,0.065431766
roger,X,grief,B,0.031086145
roger,X,poison,B,0.051467672
roger,X,stink,B,0.2013011
roger,X,assault,B,0.07191803
roger,X,disaster,B,0.009467926
roger,X,hatred,B,0.08230718
roger,X,pollute,B,0.10086306
roger,X,tragedy,B,0.035801224
roger,X,divorce,B,0.04213258
roger,X,jail,B,0.103875145
roger,X,poverty,B,-0.033629116
roger,X,ugly,B,0.119344085
roger,X,cancer,B,-0.020725885
roger,X,kill,B,0.118156865
roger,X,rotten,B,0.112673044
roger,X,vomit,B,0.19613627
roger,X,agony,B,0.089485586
roger,X,prison,B,0.07679444
alan,X,caress,A,0.110738665
alan,X,freedom,A,0.103368275
alan,X,health,A,0.013757204
alan,X,love,A,0.10063317
alan,X,peace,A,0.038170855
alan,X,cheer,A,0.03618015
alan,X,friend,A,0.12773217
alan,X,heaven,A,0.18509878
alan,X,loyal,A,0.020037858
alan,X,pleasure,A,-0.034823596
alan,X,diamond,A,0.062761426
alan,X,gentle,A,0.005686587
alan,X,honest,A,0.09946565
alan,X,lucky,A,0.12058057
alan,X,rainbow,A,0.16325237
alan,X,diploma,A,0.025601739
alan,X,gift,A,0.028153274
alan,X,honor,A,-0.06272086
alan,X,miracle,A,0.0696606
alan,X,sunrise,A,0.0353912
alan,X,family,A,-0.012647833
alan,X,happy,A,0.067946784
alan,X,laughter,A,0.039186116
alan,X,paradise,A,0.16916963
alan,X,vacation,A,-0.015056555
alan,X,abuse,B,0.0801399
alan,X,crash,B,0.09329006
alan,X,filth,B,0.14483526
alan,X,murder,B,0.052354947
alan,X,sickness,B,0.10456946
alan,X,accident,B,0.07965824
alan,X,death,B,0.05757445
alan,X,grief,B,0.0042608385
alan,X,poison,B,0.049795978
alan,X,stink,B,0.15828712
alan,X,assault,B,0.012086401
alan,X,disaster,B,0.10222733
alan,X,hatred,B,0.10800618
alan,X,pollute,B,0.12170512
alan,X,tragedy,B,0.08657626
alan,X,divorce,B,0.09092688
alan,X,jail,B,0.07894194
alan,X,poverty,B,0.0063665253
alan,X,ugly,B,0.113640286
alan,X,cancer,B,0.044045772
alan,X,kill,B,0.027063379
alan,X,rotten,B,0.15633747
alan,X,vomit,B,0.13808629
alan,X,agony,B,0.01330552
alan,X,prison,B,0.053054195
frank,X,caress,A,0.080382325
frank,X,freedom,A,0.17290315
frank,X,health,A,0.13435
frank,X,love,A,0.16198438
frank,X,peace,A,0.14686187
frank,X,cheer,A,0.039005823
frank,X,friend,A,0.15688285
frank,X,heaven,A,0.0622367
frank,X,loyal,A,0.16278265
frank,X,pleasure,A,0.12111507
frank,X,diamond,A,0.026305271
frank,X,gentle,A,0.28353575
frank,X,honest,A,0.65418464
frank,X,lucky,A,0.12933284
frank,X,rainbow,A,0.020929394
frank,X,diploma,A,0.051403828
frank,X,gift,A,0.069359966
frank,X,honor,A,0.03356312
frank,X,miracle,A,0.032599166
frank,X,sunrise,A,-0.020906702
frank,X,family,A,0.057030663
frank,X,happy,A,0.27898273
frank,X,laughter,A,0.21471602
frank,X,paradise,A,0.024540735
frank,X,vacation,A,0.0027688523
frank,X,abuse,B,0.1655487
frank,X,crash,B,0.00414397
frank,X,filth,B,0.13241464
frank,X,murder,B,0.05588119
frank,X,sickness,B,0.030185513
frank,X,accident,B,0.01359282
frank,X,death,B,0.031018617
frank,X,grief,B,0.078555115
frank,X,poison,B,0.034177758
frank,X,stink,B,0.13708393
frank,X,assault,B,0.05609127
frank,X,disaster,B,0.002364674
frank,X,hatred,B,0.110189825
frank,X,pollute,B,0.027487325
frank,X,tragedy,B,0.050826456
frank,X,divorce,B,0.09959475
frank,X,jail,B,0.04122104
frank,X,poverty,B,0.10334349
frank,X,ugly,B,0.18954715
frank,X,cancer,B,0.05702575
frank,X,kill,B,0.026029356
frank,X,rotten,B,0.08838525
frank,X,vomit,B,0.13964695
frank,X,agony,B,0.09020897
frank,X,prison,B,0.09594521
ian,X,caress,A,0.1669551
ian,X,freedom,A,0.096622
ian,X,health,A,0.07220268
ian,X,love,A,0.12087769
ian,X,peace,A,0.06239757
ian,X,cheer,A,-0.025076982
ian,X,friend,A,0.09678607
ian,X,heaven,A,0.15799959
ian,X,loyal,A,0.049982715
ian,X,pleasure,A,0.114901215
ian,X,diamond,A,0.039593946
ian,X,gentle,A,0.18805945
ian,X,honest,A,0.16147396
ian,X,lucky,A,0.008707288
ian,X,rainbow,A,0.114264056
ian,X,diploma,A,0.011050485
ian,X,gift,A,-0.035417426
ian,X,honor,A,-0.0008048569
ian,X,miracle,A,0.16843389
ian,X,sunrise,A,0.047508486
ian,X,family,A,-0.019989049
ian,X,happy,A,0.085518055
ian,X,laughter,A,0.12329916
ian,X,paradise,A,0.13778421
ian,X,vacation,A,0.004410999
ian,X,abuse,B,-0.04077652
ian,X,crash,B,-0.009621239
ian,X,filth,B,0.12631655
ian,X,murder,B,0.07686624
ian,X,sickness,B,0.098644264
ian,X,accident,B,0.019585883
ian,X,death,B,0.06484011
ian,X,grief,B,0.025791094
ian,X,poison,B,0.047066562
ian,X,stink,B,0.13084722
ian,X,assault,B,0.043928634
ian,X,disaster,B,0.10744395
ian,X,hatred,B,0.08246279
ian,X,pollute,B,0.08206976
ian,X,tragedy,B,0.079209924
ian,X,divorce,B,0.022031082
ian,X,jail,B,0.068018086
ian,X,poverty,B,0.023008024
ian,X,ugly,B,0.085680574
ian,X,cancer,B,-0.007916693
ian,X,kill,B,0.031139867
ian,X,rotten,B,0.11045992
ian,X,vomit,B,0.14438342
ian,X,agony,B,0.06857316
ian,X,prison,B,0.101272784
justin,X,caress,A,0.2347914
justin,X,freedom,A,0.032576036
justin,X,health,A,0.058388826
justin,X,love,A,0.29396564
justin,X,peace,A,0.084215686
justin,X,cheer,A,0.09532753
justin,X,friend,A,0.24051556
justin,X,heaven,A,0.21056412
justin,X,loyal,A,0.0775509
justin,X,pleasure,A,0.08873518
justin,X,diamond,A,0.05471888
justin,X,gentle,A,0.0716228
justin,X,honest,A,0.17339218
justin,X,lucky,A,0.17322116
justin,X,rainbow,A,0.16723558
justin,X,diploma,A,0.081671976
justin,X,gift,A,0.0563832
justin,X,honor,A,0.019432941
justin,X,miracle,A,0.08720483
justin,X,sunrise,A,0.090844914
justin,X,family,A,0.07035192
justin,X,happy,A,0.14773445
justin,X,laughter,A,0.112851515
justin,X,paradise,A,0.12989452
justin,X,vacation,A,0.033093385
justin,X,abuse,B,0.14982499
justin,X,crash,B,0.04554984
justin,X,filth,B,0.16438708
justin,X,murder,B,0.05615752
justin,X,sickness,B,0.13239454
justin,X,accident,B,0.08118877
justin,X,death,B,0.09564136
justin,X,grief,B,0.11618614
justin,X,poison,B,0.06638436
justin,X,stink,B,0.16411278
justin,X,assault,B,0.050654437
justin,X,disaster,B,0.010537592
justin,X,hatred,B,0.14194119
justin,X,pollute,B,0.10315597
justin,X,tragedy,B,0.044173602
justin,X,divorce,B,0.08958872
justin,X,jail,B,0.116415836
justin,X,poverty,B,0.025253892
justin,X,ugly,B,0.16542697
justin,X,cancer,B,0.04237509
justin,X,kill,B,0.17303275
justin,X,rotten,B,0.1547684
justin,X,vomit,B,0.21141163
justin,X,agony,B,0.10111453
justin,X,prison,B,0.080318175
ryan,X,caress,A,0.118642956
ryan,X,freedom,A,0.082715034
ryan,X,health,A,0.06666497
ryan,X,love,A,0.18933463
ryan,X,peace,A,0.077068955
ryan,X,cheer,A,0.03849281
ryan,X,friend,A,0.10340138
ryan,X,heaven,A,0.20310742
ryan,X,loyal,A,0.041686993
ryan,X,pleasure,A,0.0481941
ryan,X,diamond,A,0.0624689
ryan,X,gentle,A,0.028448027
ryan,X,honest,A,0.19483547
ryan,X,lucky,A,0.1351689
ryan,X,rainbow,A,0.1354004
ryan,X,diploma,A,-0.004307296
ryan,X,gift,A,0.036045928
ryan,X,honor,A,-0.037173808
ryan,X,miracle,A,0.0915094
ryan,X,sunrise,A,0.13635248
ryan,X,family,A,0.03345647
ryan,X,happy,A,0.084878765
ryan,X,laughter,A,0.02469054
ryan,X,paradise,A,0.12357554
ryan,X,vacation,A,-0.023928586
ryan,X,abuse,B,0.041679967
ryan,X,crash,B,0.11431929
ryan,X,filth,B,0.10505437
ryan,X,murder,B,0.027561072
ryan,X,sickness,B,0.12285789
ryan,X,accident,B,0.089415886
ryan,X,death,B,0.107733995
ryan,X,grief,B,0.009704676
ryan,X,poison,B,0.046413265
ryan,X,stink,B,0.23533176
ryan,X,assault,B,-0.0032840127
ryan,X,disaster,B,0.046087917
ryan,X,hatred,B,0.09159604
ryan,X,pollute,B,0.09281727
ryan,X,tragedy,B,0.012247602
ryan,X,divorce,B,0.07657098
ryan,X,jail,B,0.06815575
ryan,X,poverty,B,0.02062
ryan,X,ugly,B,0.16376442
ryan,X,cancer,B,0.063566856
ryan,X,kill,B,0.07883864
ryan,X,rotten,B,0.115133904
ryan,X,vomit,B,0.14872286
ryan,X,agony,B,0.012268019
ryan,X,prison,B,0.040354047
andrew,X,caress,A,0.13512264
andrew,X,freedom,A,0.11610308
andrew,X,health,A,0.04871136
andrew,X,love,A,0.18456122
andrew,X,peace,A,0.0972695
andrew,X,cheer,A,0.05259108
andrew,X,friend,A,0.10024118
andrew,X,heaven,A,0.20253068
andrew,X,loyal,A,-0.022115218
andrew,X,pleasure,A,0.115015864
andrew,X,diamond,A,0.06947179
andrew,X,gentle,A,0.10752561
andrew,X,honest,A,0.09790475
andrew,X,lucky,A,0.12780991
andrew,X,rainbow,A,0.13447805
andrew,X,diploma,A,0.052219782
andrew,X,gift,A,0.06607732
andrew,X,honor,A,0.021768384
andrew,X,miracle,A,0.09539282
andrew,X,sunrise,A,0.1069458
andrew,X,family,A,-0.020726355
andrew,X,happy,A,0.0875255
andrew,X,laughter,A,0.05945175
andrew,X,paradise,A,0.15155153
andrew,X,vacation,A,-0.0018484634
andrew,X,abuse,B,0.08481164
andrew,X,crash,B,0.10464845
andrew,X,filth,B,0.14542046
andrew,X,murder,B,-0.004932732
andrew,X,sickness,B,0.13950743
andrew,X,accident,B,0.088847585
andrew,X,death,B,0.028757544
andrew,X,grief,B,0.028600844
andrew,X,poison,B,0.01752572
andrew,X,stink,B,0.18461265
andrew,X,assault,B,0.010702749
andrew,X,disaster,B,0.04586943
andrew,X,hatred,B,0.12182146
andrew,X,pollute,B,0.1168604
andrew,X,tragedy,B,0.0063592237
andrew,X,divorce,B,0.061949015
andrew,X,jail,B,0.01774729
andrew,X,poverty,B,0.025720749
andrew,X,ugly,B,0.13165289
andrew,X,cancer,B,-0.0030826575
andrew,X,kill,B,0.061468456
andrew,X,rotten,B,0.16626544
andrew,X,vomit,B,0.15404898
andrew,X,agony,B,-0.0049992157
andrew,X,prison,B,-0.032797657
fred,X,caress,A,0.10716317
fred,X,freedom,A,0.04552496
fred,X,health,A,0.036479976
fred,X,love,A,0.11029619
fred,X,peace,A,0.09777052
fred,X,cheer,A,0.01926703
fred,X,friend,A,0.14727913
fred,X,heaven,A,0.18590128
fred,X,loyal,A,-0.006377024
fred,X,pleasure,A,0.029331531
fred,X,diamond,A,0.061703645
fred,X,gentle,A,0.068648346
fred,X,honest,A,0.1512572
fred,X,lucky,A,0.06234736
fred,X,rainbow,A,0.24170434
fred,X,diploma,A,-0.037383568
fred,X,gift,A,0.09916918
fred,X,honor,A,-0.0707206
fred,X,miracle,A,0.10554948
fred,X,sunrise,A,0.14658241
fred,X,family,A,0.02296875
fred,X,happy,A,0.07900743
fred,X,laughter,A,0.07626246
fred,X,paradise,A,0.16216709
fred,X,vacation,A,0.027482197
fred,X,abuse,B,0.017738715
fred,X,crash,B,0.014571965
fred,X,filth,B,0.08634839
fred,X,murder,B,0.009308552
fred,X,sickness,B,0.04930397
fred,X,accident,B,-0.031013748
fred,X,death,B,0.038526423
fred,X,grief,B,0.013433399
fred,X,poison,B,0.016628051
fred,X,stink,B,0.14222756
fred,X,assault,B,-0.016477553
fred,X,disaster,B,0.02238211
fred,X,hatred,B,0.0387549
fred,X,pollute,B,0.039817315
fred,X,tragedy,B,-0.061369877
fred,X,divorce,B,0.10536201
fred,X,jail,B,0.052108835
fred,X,poverty,B,-0.03593233
fred,X,ugly,B,0.044547025
fred,X,cancer,B,-0.012579825
fred,X,kill,B,0.086996704
fred,X,rotten,B,0.11879005
fred,X,vomit,B,0.065793276
fred,X,agony,B,0.016215766
fred,X,prison,B,0.04157387
jack,X,caress,A,0.14551991
jack,X,freedom,A,0.07101823
jack,X,health,A,-0.041774165
jack,X,love,A,0.18762046
jack,X,peace,A,0.068251885
jack,X,cheer,A,0.094167806
jack,X,friend,A,0.13340917
jack,X,heaven,A,0.1272954
jack,X,loyal,A,0.028126221
jack,X,pleasure,A,0.019113854
jack,X,diamond,A,0.20425677
jack,X,gentle,A,0.023511466
jack,X,honest,A,0.1182635
jack,X,lucky,A,0.19985236
jack,X,rainbow,A,0.13182107
jack,X,diploma,A,0.0864875
jack,X,gift,A,0.07392014
jack,X,honor,A,0.025067495
jack,X,miracle,A,0.10773558
jack,X,sunrise,A,-0.004526171
jack,X,family,A,0.04470455
jack,X,happy,A,0.05417906
jack,X,laughter,A,0.0311938
jack,X,paradise,A,0.10160546
jack,X,vacation,A,0.034557533
jack,X,abuse,B,-0.018594818
jack,X,crash,B,0.08897782
jack,X,filth,B,0.06450856
jack,X,murder,B,0.06338093
jack,X,sickness,B,-0.011694399
jack,X,accident,B,0.09349392
jack,X,death,B,0.06814831
jack,X,grief,B,0.012821785
jack,X,poison,B,0.07254132
jack,X,stink,B,0.1119806
jack,X,assault,B,0.05032169
jack,X,disaster,B,0.046810593
jack,X,hatred,B,-0.0016501938
jack,X,pollute,B,0.06391328
jack,X,tragedy,B,0.005472176
jack,X,divorce,B,0.025935045
jack,X,jail,B,0.09415614
jack,X,poverty,B,0.049633868
jack,X,ugly,B,0.10918393
jack,X,cancer,B,-0.038172673
jack,X,kill,B,0.16650876
jack,X,rotten,B,0.18165651
jack,X,vomit,B,0.06108714
jack,X,agony,B,0.012592453
jack,X,prison,B,0.09742994
matthew,X,caress,A,0.19570638
matthew,X,freedom,A,0.12476846
matthew,X,health,A,-0.0055993306
matthew,X,love,A,0.21704754
matthew,X,peace,A,0.14925583
matthew,X,cheer,A,0.054277193
matthew,X,friend,A,0.19393723
matthew,X,heaven,A,0.23733099
matthew,X,loyal,A,0.031675573
matthew,X,pleasure,A,0.1185668
matthew,X,diamond,A,0.06607136
matthew,X,gentle,A,0.11617576
matthew,X,honest,A,0.12480052
matthew,X,lucky,A,0.11859405
matthew,X,rainbow,A,0.19055721
matthew,X,diploma,A,-0.026335072
matthew,X,gift,A,0.07161763
matthew,X,honor,A,0.01811272
matthew,X,miracle,A,0.10676686
matthew,X,sunrise,A,0.10099858
matthew,X,family,A,0.07285746
matthew,X,happy,A,0.09732253
matthew,X,laughter,A,0.097701475
matthew,X,paradise,A,0.17669949
matthew,X,vacation,A,-0.0049149306
matthew,X,abuse,B,0.06552142
matthew,X,crash,B,0.025663448
matthew,X,filth,B,0.23010239
matthew,X,murder,B,0.053828917
matthew,X,sickness,B,0.15733215
matthew,X,accident,B,0.037977558
matthew,X,death,B,0.058618337
matthew,X,grief,B,0.10900816
matthew,X,poison,B,0.054029346
matthew,X,stink,B,0.111748114
matthew,X,assault,B,0.006432444
matthew,X,disaster,B,0.010511396
matthew,X,hatred,B,0.1739386
matthew,X,pollute,B,0.08841802
matthew,X,tragedy,B,0.06498238
matthew,X,divorce,B,0.102082156
matthew,X,jail,B,0.056113813
matthew,X,poverty,B,0.019765496
matthew,X,ugly,B,0.08649144
matthew,X,cancer,B,0.004182207
matthew,X,kill,B,0.078189254
matthew,X,rotten,B,0.11896599
matthew,X,vomit,B,0.16384147
matthew,X,agony,B,0.12960477
matthew,X,prison,B,0.037169915
stephen,X,caress,A,0.09670413
stephen,X,freedom,A,0.06606682
stephen,X,health,A,0.07299968
stephen,X,love,A,0.14710484
stephen,X,peace,A,0.10411162
stephen,X,cheer,A,-0.039155375
stephen,X,friend,A,0.09988873
stephen,X,heaven,A,0.21549524
stephen,X,loyal,A,0.018779216
stephen,X,pleasure,A,0.031727068
stephen,X,diamond,A,0.074835636
stephen,X,gentle,A,0.112075515
stephen,X,honest,A,0.11411524
stephen,X,lucky,A,0.047799643
stephen,X,rainbow,A,0.10910747
stephen,X,diploma,A,-0.016169395
stephen,X,gift,A,-0.014375768
stephen,X,honor,A,-0.037532557
stephen,X,miracle,A,0.0725739
stephen,X,sunrise,A,0.04910455
stephen,X,family,A,-0.07051431
stephen,X,happy,A,0.070576504
stephen,X,laughter,A,0.054999452
stephen,X,paradise,A,0.11294255
stephen,X,vacation,A,-0.036919788
stephen,X,abuse,B,0.06909146
stephen,X,crash,B,0.02413896
stephen,X,filth,B,0.15838559
stephen,X,murder,B,0.021225622
stephen,X,sickness,B,0.07542112
stephen,X,accident,B,0.017192429
stephen,X,death,B,0.03050531
stephen,X,grief,B,0.0042462954
stephen,X,poison,B,0.059650492
stephen,X,stink,B,0.16845581
stephen,X,assault,B,0.027169393
stephen,X,disaster,B,0.034098845
stephen,X,hatred,B,0.099899255
stephen,X,pollute,B,0.12139587
stephen,X,tragedy,B,-0.021218514
stephen,X,divorce,B,0.046746
stephen,X,jail,B,0.0055430224
stephen,X,poverty,B,0.073884524
stephen,X,ugly,B,0.098970935
stephen,X,cancer,B,-0.01874066
stephen,X,kill,B,0.07619792
stephen,X,rotten,B,0.13990083
stephen,X,vomit,B,0.14191237
stephen,X,agony,B,0.053337134
stephen,X,prison,B,-0.004817778
brad,X,caress,A,0.22330701
brad,X,freedom,A,0.06847323
brad,X,health,A,0.060798313
brad,X,love,A,0.2496382
brad,X,peace,A,0.11752257
brad,X,cheer,A,0.010470889
brad,X,friend,A,0.14489163
brad,X,heaven,A,0.21626748
brad,X,loyal,A,0.0024446729
brad,X,pleasure,A,0.106389135
brad,X,diamond,A,0.21951033
brad,X,gentle,A,0.054455057
brad,X,honest,A,0.14474888
brad,X,lucky,A,0.15966493
brad,X,rainbow,A,0.1772219
brad,X,diploma,A,-0.0073516956
brad,X,gift,A,0.10237224
brad,X,honor,A,0.012589128
brad,X,miracle,A,0.12629497
brad,X,sunrise,A,0.13791408
brad,X,family,A,0.0553565
brad,X,happy,A,0.19701314
brad,X,laughter,A,0.075430006
brad,X,paradise,A,0.09892976
brad,X,vacation,A,0.024028236
brad,X,abuse,B,0.06055277
brad,X,crash,B,0.06539848
brad,X,filth,B,0.08257554
brad,X,murder,B,0.03628558
brad,X,sickness,B,0.10582879
brad,X,accident,B,0.06897668
brad,X,death,B,0.051829215
brad,X,grief,B,0.09627144
brad,X,poison,B,0.00050933595
brad,X,stink,B,0.21145105
brad,X,assault,B,0.033914223
brad,X,disaster,B,0.10953365
brad,X,hatred,B,0.0768253
brad,X,pollute,B,0.107090905
brad,X,tragedy,B,0.045655783
brad,X,divorce,B,0.18707143
brad,X,jail,B,0.06994628
brad,X,poverty,B,0.033706613
brad,X,ugly,B,0.16058585
brad,X,cancer,B,0.035755366
brad,X,kill,B,0.07361102
brad,X,rotten,B,0.13785824
brad,X,vomit,B,0.10558355
brad,X,agony,B,0.10060507
brad,X,prison,B,0.018197645
greg,X,caress,A,0.08925719
greg,X,freedom,A,-0.00012770812
greg,X,health,A,0.0062205903
greg,X,love,A,0.12658486
greg,X,peace,A,0.055846944
greg,X,cheer,A,0.07775089
greg,X,friend,A,0.15153968
greg,X,heaven,A,0.15666333
greg,X,loyal,A,0.018694693
greg,X,pleasure,A,0.04269535
greg,X,diamond,A,0.025139645
greg,X,gentle,A,0.10956474
greg,X,honest,A,0.15654372
greg,X,lucky,A,0.15037487
greg,X,rainbow,A,0.11634185
greg,X,diploma,A,-0.049385738
greg,X,gift,A,-0.007297072
greg,X,honor,A,-0.0076918094
greg,X,miracle,A,0.10484656
greg,X,sunrise,A,0.123960674
greg,X,family,A,-0.004424601
greg,X,happy,A,0.10742863
greg,X,laughter,A,0.07480144
greg,X,paradise,A,0.12457654
greg,X,vacation,A,-0.0049980837
greg,X,abuse,B,0.01909974
greg,X,crash,B,0.010340619
greg,X,filth,B,0.09570526
greg,X,murder,B,0.0041889492
greg,X,sickness,B,0.12628426
greg,X,accident,B,-0.02119835
greg,X,death,B,0.022224145
greg,X,grief,B,0.05479403
greg,X,poison,B,0.047500454
greg,X,stink,B,0.23493089
greg,X,assault,B,0.032719065
greg,X,disaster,B,0.026060952
greg,X,hatred,B,0.07260582
greg,X,pollute,B,0.031657558
greg,X,tragedy,B,-0.02617423
greg,X,divorce,B,0.010191009
greg,X,jail,B,0.08233768
greg,X,poverty,B,-0.03155109
greg,X,ugly,B,0.12874953
greg,X,cancer,B,0.0033585434
greg,X,kill,B,0.07983009
greg,X,rotten,B,0.161086
greg,X,vomit,B,0.15224609
greg,X,agony,B,0.054728206
greg,X,prison,B,0.053282037
jed,X,caress,A,0.017717015
jed,X,freedom,A,0.03554042
jed,X,health,A,0.003262576
jed,X,love,A,0.08665619
jed,X,peace,A,-0.002170385
jed,X,cheer,A,0.054659024
jed,X,friend,A,0.11674362
jed,X,heaven,A,0.061586235
jed,X,loyal,A,0.046463482
jed,X,pleasure,A,0.097023144
jed,X,diamond,A,0.008139637
jed,X,gentle,A,0.051933914
jed,X,honest,A,0.08013749
jed,X,lucky,A,0.022783475
jed,X,rainbow,A,-0.008649047
jed,X,diploma,A,0.017697133
jed,X,gift,A,-0.008653258
jed,X,honor,A,0.03085481
jed,X,miracle,A,0.014302767
jed,X,sunrise,A,0.004491746
jed,X,family,A,0.11147856
jed,X,happy,A,0.10201907
jed,X,laughter,A,0.103173755
jed,X,paradise,A,0.052190732
jed,X,vacation,A,0.0946697
jed,X,abuse,B,-0.0052459333
jed,X,crash,B,0.008760912
jed,X,filth,B,-0.024194332
jed,X,murder,B,0.03910473
jed,X,sickness,B,0.100348845
jed,X,accident,B,0.03736083
jed,X,death,B,0.05245611
jed,X,grief,B,0.11543907
jed,X,poison,B,-0.02613459
jed,X,stink,B,0.0947984
jed,X,assault,B,0.014985853
jed,X,disaster,B,0.08463328
jed,X,hatred,B,0.06622205
jed,X,pollute,B,-0.004896931
jed,X,tragedy,B,0.09196293
jed,X,divorce,B,0.055595092
jed,X,jail,B,-0.00043084746
jed,X,poverty,B,0.1013692
jed,X,ugly,B,0.00012386378
jed,X,cancer,B,0.088269
jed,X,kill,B,0.1103247
jed,X,rotten,B,0.016766269
jed,X,vomit,B,0.026587749
jed,X,agony,B,0.10551988
jed,X,prison,B,-0.006837899
paul,X,caress,A,0.11297831
paul,X,freedom,A,0.09562527
paul,X,health,A,0.049371935
paul,X,love,A,0.103118606
paul,X,peace,A,0.121452935
paul,X,cheer,A,0.012412513
paul,X,friend,A,0.15748332
paul,X,heaven,A,0.22470216
paul,X,loyal,A,0.026050488
paul,X,pleasure,A,0.042503037
paul,X,diamond,A,0.03081862
paul,X,gentle,A,0.10032542
paul,X,honest,A,0.13343312
paul,X,lucky,A,0.14450695
paul,X,rainbow,A,0.15340558
paul,X,diploma,A,-0.006603826
paul,X,gift,A,0.040221397
paul,X,honor,A,0.019210177
paul,X,miracle,A,0.14436013
paul,X,sunrise,A,0.17545222
paul,X,family,A,0.0056861704
paul,X,happy,A,0.1049498
paul,X,laughter,A,-0.0030469592
paul,X,paradise,A,0.15202153
paul,X,vacation,A,-0.0029136732
paul,X,abuse,B,0.11736122
paul,X,crash,B,0.07859366
paul,X,filth,B,0.14611018
paul,X,murder,B,0.07026269
paul,X,sickness,B,0.1571209
paul,X,accident,B,0.084561355
paul,X,death,B,0.14205058
paul,X,grief,B,0.055504292
paul,X,poison,B,0.06335548
paul,X,stink,B,0.18354903
paul,X,assault,B,-0.0037770248
paul,X,disaster,B,0.05870767
paul,X,hatred,B,0.08048206
paul,X,pollute,B,0.121008754
paul,X,tragedy,B,0.052494694
paul,X,divorce,B,0.09936941
paul,X,jail,B,0.08515218
paul,X,poverty,B,0.06547862
paul,X,ugly,B,0.13174483
paul,X,cancer,B,0.026941676
paul,X,kill,B,0.1373957
paul,X,rotten,B,0.13311522
paul,X,vomit,B,0.1477709
paul,X,agony,B,0.060731392
paul,X,prison,B,0.06379553
todd,X,caress,A,0.059968818
todd,X,freedom,A,0.08102793
todd,X,health,A,0.104247384
todd,X,love,A,0.115063824
todd,X,peace,A,0.056394827
todd,X,cheer,A,0.032824773
todd,X,friend,A,0.12763296
todd,X,heaven,A,0.18554841
todd,X,loyal,A,-0.020876165
todd,X,pleasure,A,0.009714851
todd,X,diamond,A,0.0010769774
todd,X,gentle,A,0.040147066
todd,X,honest,A,0.13588332
todd,X,lucky,A,0.14914685
todd,X,rainbow,A,0.16933273
todd,X,diploma,A,0.06590598
todd,X,gift,A,-0.061716594
todd,X,honor,A,-0.07013423
todd,X,miracle,A,0.09142583
todd,X,sunrise,A,0.029846514
todd,X,family,A,0.015394696
todd,X,happy,A,0.10019428
todd,X,laughter,A,-0.0050483537
todd,X,paradise,A,0.16288881
todd,X,vacation,A,0.060254052
todd,X,abuse,B,0.034550343
todd,X,crash,B,0.072400235
todd,X,filth,B,0.13988677
todd,X,murder,B,0.04034844
todd,X,sickness,B,0.16567688
todd,X,accident,B,0.08538389
todd,X,death,B,0.04595436
todd,X,grief,B,0.0023320455
todd,X,poison,B,-0.0153174605
todd,X,stink,B,0.17936544
todd,X,assault,B,-0.026823604
todd,X,disaster,B,0.02943181
todd,X,hatred,B,0.051460158
todd,X,pollute,B,0.042897016
todd,X,tragedy,B,0.0119804405
todd,X,divorce,B,0.058243264
todd,X,jail,B,0.086734615
todd,X,poverty,B,0.076881655
todd,X,ugly,B,0.15152147
todd,X,cancer,B,0.022499561
todd,X,kill,B,0.031150533
todd,X,rotten,B,0.21442494
todd,X,vomit,B,0.12846096
todd,X,agony,B,-0.0020662362
todd,X,prison,B,0.060107727
brandon,X,caress,A,0.17676073
brandon,X,freedom,A,0.08539057
brandon,X,health,A,0.018054921
brandon,X,love,A,0.17584814
brandon,X,peace,A,0.07780896
brandon,X,cheer,A,0.06839014
brandon,X,friend,A,0.1515021
brandon,X,heaven,A,0.20860144
brandon,X,loyal,A,0.017681077
brandon,X,pleasure,A,0.08145757
brandon,X,diamond,A,0.115671314
brandon,X,gentle,A,0.079725
brandon,X,honest,A,0.1423306
brandon,X,lucky,A,0.17548497
brandon,X,rainbow,A,0.16061257
brandon,X,diploma,A,0.06458921
brandon,X,gift,A,0.048246343
brandon,X,honor,A,0.0584318
brandon,X,miracle,A,0.10976961
brandon,X,sunrise,A,0.10077105
brandon,X,family,A,0.030607348
brandon,X,happy,A,0.11178935
brandon,X,laughter,A,0.08220023
brandon,X,paradise,A,0.14992984
brandon,X,vacation,A,-0.0102592595
brandon,X,abuse,B,0.071122766
brandon,X,crash,B,0.063333094
brandon,X,filth,B,0.17490657
brandon,X,murder,B,0.04221296
brandon,X,sickness,B,0.19177924
brandon,X,accident,B,0.09382008
brandon,X,death,B,0.100577876
brandon,X,grief,B,0.09405047
brandon,X,poison,B,0.08396461
brandon,X,stink,B,0.19624808
brandon,X,assault,B,0.036608215
brandon,X,disaster,B,0.009497838
brandon,X,hatred,B,0.1266272
brandon,X,pollute,B,0.050155595
brandon,X,tragedy,B,0.016306574
brandon,X,divorce,B,0.07439806
brandon,X,jail,B,0.08008129
brandon,X,poverty,B,0.00473354
brandon,X,ugly,B,0.06878021
brandon,X,cancer,B,0.03681421
brandon,X,kill,B,0.13296814
brandon,X,rotten,B,0.106342524
brandon,X,vomit,B,0.23194213
brandon,X,agony,B,0.09906952
brandon,X,prison,B,0.0323085
hank,X,caress,A,0.22201034
hank,X,freedom,A,0.033616044
hank,X,health,A,0.020249778
hank,X,love,A,0.19825977
hank,X,peace,A,0.08484034
hank,X,cheer,A,0.13886476
hank,X,friend,A,0.20889965
hank,X,heaven,A,0.24362086
hank,X,loyal,A,0.08025425
hank,X,pleasure,A,0.11404797
hank,X,diamond,A,0.15527697
hank,X,gentle,A,0.21752024
hank,X,honest,A,0.11242056
hank,X,lucky,A,0.13480496
hank,X,rainbow,A,0.31313396
hank,X,diploma,A,0.04050931
hank,X,gift,A,0.13935466
hank,X,honor,A,0.06373573
hank,X,miracle,A,0.13104916
hank,X,sunrise,A,0.1539179
hank,X,family,A,0.103513345
hank,X,happy,A,0.09987768
hank,X,laughter,A,0.1131031
hank,X,paradise,A,0.09309503
hank,X,vacation,A,0.01595854
hank,X,abuse,B,0.042768147
hank,X,crash,B,-0.07612647
hank,X,filth,B,0.1718312
hank,X,murder,B,0.0062505314
hank,X,sickness,B,0.07656457
hank,X,accident,B,-0.026684595
hank,X,death,B,-0.006020479
hank,X,grief,B,0.07086406
hank,X,poison,B,0.034455627
hank,X,stink,B,0.23646782
hank,X,assault,B,-0.041871835
hank,X,disaster,B,-0.0006899408
hank,X,hatred,B,0.05760447
hank,X,pollute,B,0.0073972223
hank,X,tragedy,B,-0.02357212
hank,X,divorce,B,0.10525737
hank,X,jail,B,0.08040084
hank,X,poverty,B,0.026185382
hank,X,ugly,B,0.13979854
hank,X,cancer,B,0.0390036
hank,X,kill,B,0.0067062406
hank,X,rotten,B,0.21292529
hank,X,vomit,B,0.12115051
hank,X,agony,B,0.10315367
hank,X,prison,B,0.05960276
jonathan,X,caress,A,0.14648157
jonathan,X,freedom,A,0.18140358
jonathan,X,health,A,0.022479875
jonathan,X,love,A,0.20491117
jonathan,X,peace,A,0.16143867
jonathan,X,cheer,A,0.005319161
jonathan,X,friend,A,0.16540854
jonathan,X,heaven,A,0.21926779
jonathan,X,loyal,A,0.0832692
jonathan,X,pleasure,A,0.09655844
jonathan,X,diamond,A,0.052013014
jonathan,X,gentle,A,0.07115904
jonathan,X,honest,A,0.11623913
jonathan,X,lucky,A,0.057069786
jonathan,X,rainbow,A,0.15769805
jonathan,X,diploma,A,-0.01516428
jonathan,X,gift,A,0.028211907
jonathan,X,honor,A,0.0039583794
jonathan,X,miracle,A,0.08076024
jonathan,X,sunrise,A,0.06877994
jonathan,X,family,A,0.041001722
jonathan,X,happy,A,0.042493213
jonathan,X,laughter,A,0.0703765
jonathan,X,paradise,A,0.15107656
jonathan,X,vacation,A,0.01593401
jonathan,X,abuse,B,0.005694758
jonathan,X,crash,B,0.01599418
jonathan,X,filth,B,0.16375636
jonathan,X,murder,B,-0.025983166
jonathan,X,sickness,B,0.107247815
jonathan,X,accident,B,-0.019199418
jonathan,X,death,B,0.011311323
jonathan,X,grief,B,0.06564321
jonathan,X,poison,B,0.017040825
jonathan,X,stink,B,0.14632222
jonathan,X,assault,B,-0.06875896
jonathan,X,disaster,B,0.0059824456
jonathan,X,hatred,B,0.17028603
jonathan,X,pollute,B,0.07924179
jonathan,X,tragedy,B,0.0035855311
jonathan,X,divorce,B,0.07182898
jonathan,X,jail,B,0.009358714
jonathan,X,poverty,B,0.057844736
jonathan,X,ugly,B,0.13297674
jonathan,X,cancer,B,-0.026441488
jonathan,X,kill,B,0.06805208
jonathan,X,rotten,B,0.15348853
jonathan,X,vomit,B,0.09265511
jonathan,X,agony,B,0.070152365
jonathan,X,prison,B,-0.0029797007
peter,X,caress,A,0.1316856
peter,X,freedom,A,-0.010884578
peter,X,health,A,0.08031605
peter,X,love,A,0.041686386
peter,X,peace,A,0.12481709
peter,X,cheer,A,0.11820211
peter,X,friend,A,-0.048421517
peter,X,heaven,A,0.09594235
peter,X,loyal,A,0.020796029
peter,X,pleasure,A,-0.07820774
peter,X,diamond,A,-0.0076904423
peter,X,gentle,A,0.082321554
peter,X,honest,A,0.041851986
peter,X,lucky,A,0.053741146
peter,X,rainbow,A,0.09509049
peter,X,diploma,A,-0.0013658209
peter,X,gift,A,-0.044272993
peter,X,honor,A,-0.12003595
peter,X,miracle,A,0.06923341
peter,X,sunrise,A,0.12505317
peter,X,family,A,-0.031971276
peter,X,happy,A,0.047501557
peter,X,laughter,A,0.12415027
peter,X,paradise,A,0.016450433
peter,X,vacation,A,0.027375638
peter,X,abuse,B,0.03166197
peter,X,crash,B,0.033983443
peter,X,filth,B,0.04279675
peter,X,murder,B,-0.0028709061
peter,X,sickness,B,0.13981633
peter,X,accident,B,-0.048754483
peter,X,death,B,0.049486753
peter,X,grief,B,0.025709841
peter,X,poison,B,0.014594726
peter,X,stink,B,0.14989732
peter,X,assault,B,-0.04857854
peter,X,disaster,B,0.054187037
peter,X,hatred,B,0.07156129
peter,X,pollute,B,0.17886853
peter,X,tragedy,B,-0.019362811
peter,X,divorce,B,0.023996923
peter,X,jail,B,0.075602874
peter,X,poverty,B,0.03956484
peter,X,ugly,B,0.10960509
peter,X,cancer,B,-0.013047004
peter,X,kill,B,0.13723691
peter,X,rotten,B,0.08161543
peter,X,vomit,B,0.16212042
peter,X,agony,B,0.029060299
peter,X,prison,B,0.0863208
wilbur,X,caress,A,0.019338055
wilbur,X,freedom,A,0.07077127
wilbur,X,health,A,-0.013914563
wilbur,X,love,A,0.11810733
wilbur,X,peace,A,0.08142473
wilbur,X,cheer,A,0.12465712
wilbur,X,friend,A,0.10741888
wilbur,X,heaven,A,0.09354233
wilbur,X,loyal,A,0.0061510466
wilbur,X,pleasure,A,0.08874463
wilbur,X,diamond,A,-0.06382877
wilbur,X,gentle,A,0.1367539
wilbur,X,honest,A,0.05416461
wilbur,X,lucky,A,0.108974054
wilbur,X,rainbow,A,0.1089362
wilbur,X,diploma,A,0.078535326
wilbur,X,gift,A,0.106728606
wilbur,X,honor,A,0.15518017
wilbur,X,miracle,A,0.090875804
wilbur,X,sunrise,A,-0.005174171
wilbur,X,family,A,0.11827361
wilbur,X,happy,A,0.06800342
wilbur,X,laughter,A,0.15227719
wilbur,X,paradise,A,0.023848671
wilbur,X,vacation,A,0.042851184
wilbur,X,abuse,B,-0.02041381
wilbur,X,crash,B,0.09078439
wilbur,X,filth,B,-0.010108073
wilbur,X,murder,B,0.005498057
wilbur,X,sickness,B,0.070830986
wilbur,X,accident,B,0.06470144
wilbur,X,death,B,0.071686454
wilbur,X,grief,B,0.10026511
wilbur,X,poison,B,-0.0056509925
wilbur,X,stink,B,0.10844136
wilbur,X,assault,B,-0.002171671
wilbur,X,disaster,B,-0.013683857
wilbur,X,hatred,B,0.008328766
wilbur,X,pollute,B,-0.012890405
wilbur,X,tragedy,B,0.013687717
wilbur,X,divorce,B,0.0404125
wilbur,X,jail,B,0.036713928
wilbur,X,poverty,B,0.016980149
wilbur,X,ugly,B,0.0892048
wilbur,X,cancer,B,0.029404776
wilbur,X,kill,B,0.05050067
wilbur,X,rotten,B,0.073905915
wilbur,X,vomit,B,0.08261904
wilbur,X,agony,B,0.037560884
wilbur,X,prison,B,0.012564342
amanda,X,caress,A,0.1562451
amanda,X,freedom,A,0.06939968
amanda,X,health,A,-0.030899968
amanda,X,love,A,0.20304222
amanda,X,peace,A,-0.01224251
amanda,X,cheer,A,0.048997
amanda,X,friend,A,0.18552376
amanda,X,heaven,A,0.19391593
amanda,X,loyal,A,-0.00053218054
amanda,X,pleasure,A,0.099443674
amanda,X,diamond,A,0.05117596
amanda,X,gentle,A,0.09111987
amanda,X,honest,A,0.14016694
amanda,X,lucky,A,0.15862383
amanda,X,rainbow,A,0.11809592
amanda,X,diploma,A,0.016510753
amanda,X,gift,A,0.00578573
amanda,X,honor,A,-0.04752356
amanda,X,miracle,A,0.10327506
amanda,X,sunrise,A,0.08639461
amanda,X,family,A,0.039937347
amanda,X,happy,A,0.11490801
amanda,X,laughter,A,0.11172844
amanda,X,paradise,A,0.09335279
amanda,X,vacation,A,0.057296615
amanda,X,abuse,B,0.07778091
amanda,X,crash,B,0.012046697
amanda,X,filth,B,0.18782756
amanda,X,murder,B,0.10572475
amanda,X,sickness,B,0.15001929
amanda,X,accident,B,0.04866912
amanda,X,death,B,0.06978737
amanda,X,grief,B,0.030467466
amanda,X,poison,B,0.048120536
amanda,X,stink,B,0.22286291
amanda,X,assault,B,0.00971602
amanda,X,disaster,B,-0.047289614
amanda,X,hatred,B,0.09650926
amanda,X,pollute,B,0.096015975
amanda,X,tragedy,B,-0.0037396338
amanda,X,divorce,B,0.0645475
amanda,X,jail,B,0.093284346
amanda,X,poverty,B,-0.026206769
amanda,X,ugly,B,0.14009346
amanda,X,cancer,B,0.0039351652
amanda,X,kill,B,0.15720782
amanda,X,rotten,B,0.1384451
amanda,X,vomit,B,0.21527708
amanda,X,agony,B,0.087967485
amanda,X,prison,B,0.04797873
courtney,X,caress,A,0.24191596
courtney,X,freedom,A,0.09071221
courtney,X,health,A,-0.020317758
courtney,X,love,A,0.30009976
courtney,X,peace,A,0.123734914
courtney,X,cheer,A,0.10616492
courtney,X,friend,A,0.21156289
courtney,X,heaven,A,0.27701208
courtney,X,loyal,A,0.033891525
courtney,X,pleasure,A,0.15223974
courtney,X,diamond,A,0.043514654
courtney,X,gentle,A,0.115330845
courtney,X,honest,A,0.16962199
courtney,X,lucky,A,0.16709742
courtney,X,rainbow,A,0.15230933
courtney,X,diploma,A,0.04451372
courtney,X,gift,A,0.04997835
courtney,X,honor,A,-0.036498006
courtney,X,miracle,A,0.07844575
courtney,X,sunrise,A,0.16222084
courtney,X,family,A,0.04015652
courtney,X,happy,A,0.17483918
courtney,X,laughter,A,0.15230536
courtney,X,paradise,A,0.174005
courtney,X,vacation,A,0.067314774
courtney,X,abuse,B,0.07349451
courtney,X,crash,B,0.08750857
courtney,X,filth,B,0.18380955
courtney,X,murder,B,0.08678516
courtney,X,sickness,B,0.11312286
courtney,X,accident,B,0.033057768
courtney,X,death,B,0.064805046
courtney,X,grief,B,0.115893364
courtney,X,poison,B,0.03206073
courtney,X,stink,B,0.17899041
courtney,X,assault,B,0.006344238
courtney,X,disaster,B,-0.028531263
courtney,X,hatred,B,0.07284803
courtney,X,pollute,B,0.09057745
courtney,X,tragedy,B,0.026439521
courtney,X,divorce,B,0.115665555
courtney,X,jail,B,0.10777089
courtney,X,poverty,B,0.004582065
courtney,X,ugly,B,0.17684828
courtney,X,cancer,B,-0.028545994
courtney,X,kill,B,0.08895557
courtney,X,rotten,B,0.20051846
courtney,X,vomit,B,0.24137357
courtney,X,agony,B,0.14463846
courtney,X,prison,B,0.060266387
heather,X,caress,A,0.21216694
heather,X,freedom,A,0.0060981414
heather,X,health,A,0.032416515
heather,X,love,A,0.13443293
heather,X,peace,A,0.06260781
heather,X,cheer,A,0.08674104
heather,X,friend,A,0.026046714
heather,X,heaven,A,0.1111885
heather,X,loyal,A,-0.055917747
heather,X,pleasure,A,0.059069116
heather,X,diamond,A,0.12799044
heather,X,gentle,A,0.18173064
heather,X,honest,A,0.0810011
heather,X,lucky,A,0.07371898
heather,X,rainbow,A,0.17364058
heather,X,diploma,A,0.051346704
heather,X,gift,A,0.041028682
heather,X,honor,A,-0.01202123
heather,X,miracle,A,0.07391999
heather,X,sunrise,A,0.1751287
heather,X,family,A,-0.037492696
heather,X,happy,A,-0.020914223
heather,X,laughter,A,0.13028792
heather,X,paradise,A,0.17200986
heather,X,vacation,A,0.0099235615
heather,X,abuse,B,0.08521819
heather,X,crash,B,0.056291915
heather,X,filth,B,0.10734281
heather,X,murder,B,0.014012155
heather,X,sickness,B,0.1632172
heather,X,accident,B,0.035665378
heather,X,death,B,0.016983744
heather,X,grief,B,0.088540405
heather,X,poison,B,0.104797095
heather,X,stink,B,0.13739565
heather,X,assault,B,0.063454464
heather,X,disaster,B,0.03773713
heather,X,hatred,B,0.13254622
heather,X,pollute,B,0.089854866
heather,X,tragedy,B,0.020359011
heather,X,divorce,B,0.01294398
heather,X,jail,B,-0.013284935
heather,X,poverty,B,0.025342258
heather,X,ugly,B,0.08890893
heather,X,cancer,B,0.0913581
heather,X,kill,B,0.010691269
heather,X,rotten,B,0.10012147
heather,X,vomit,B,0.16455333
heather,X,agony,B,0.10230491
heather,X,prison,B,0.005012365
melanie,X,caress,A,0.24286532
melanie,X,freedom,A,0.10796176
melanie,X,health,A,0.10729845
melanie,X,love,A,0.24702182
melanie,X,peace,A,0.08599745
melanie,X,cheer,A,0.07660287
melanie,X,friend,A,0.16635196
melanie,X,heaven,A,0.21935128
melanie,X,loyal,A,-0.059251215
melanie,X,pleasure,A,0.041687746
melanie,X,diamond,A,0.031055924
melanie,X,gentle,A,0.16857964
melanie,X,honest,A,0.11809494
melanie,X,lucky,A,0.17065534
melanie,X,rainbow,A,0.27032214
melanie,X,diploma,A,0.12834786
melanie,X,gift,A,0.12654962
melanie,X,honor,A,-0.0079540545
melanie,X,miracle,A,0.16398326
melanie,X,sunrise,A,0.16917025
melanie,X,family,A,0.057223298
melanie,X,happy,A,0.14982378
melanie,X,laughter,A,0.09954894
melanie,X,paradise,A,0.19163717
melanie,X,vacation,A,0.11928588
melanie,X,abuse,B,0.15520059
melanie,X,crash,B,0.11564933
melanie,X,filth,B,0.18803735
melanie,X,murder,B,0.045684874
melanie,X,sickness,B,0.16288657
melanie,X,accident,B,0.08000849
melanie,X,death,B,0.08797971
melanie,X,grief,B,0.056568895
melanie,X,poison,B,0.061661806
melanie,X,stink,B,0.2439182
melanie,X,assault,B,0.096585795
melanie,X,disaster,B,0.070692964
melanie,X,hatred,B,0.11100623
melanie,X,pollute,B,0.12859829
melanie,X,tragedy,B,0.036253724
melanie,X,divorce,B,0.1042404
melanie,X,jail,B,0.105911806
melanie,X,poverty,B,0.07063714
melanie,X,ugly,B,0.1529543
melanie,X,cancer,B,0.05574923
melanie,X,kill,B,0.13771994
melanie,X,rotten,B,0.18286929
melanie,X,vomit,B,0.25749737
melanie,X,agony,B,0.08063707
melanie,X,prison,B,0.07226048
sara,X,caress,A,0.23486263
sara,X,freedom,A,0.12281632
sara,X,health,A,0.09321007
sara,X,love,A,0.22574025
sara,X,peace,A,0.110947415
sara,X,cheer,A,0.10958805
sara,X,friend,A,0.19203538
sara,X,heaven,A,0.23220168
sara,X,loyal,A,0.063493036
sara,X,pleasure,A,0.05009455
sara,X,diamond,A,0.033102494
sara,X,gentle,A,0.1481191
sara,X,honest,A,0.12435108
sara,X,lucky,A,0.13868675
sara,X,rainbow,A,0.12892325
sara,X,diploma,A,0.07363635
sara,X,gift,A,0.09548838
sara,X,honor,A,-0.013167048
sara,X,miracle,A,0.10848191
sara,X,sunrise,A,0.12787747
sara,X,family,A,0.07584142
sara,X,happy,A,0.13134284
sara,X,laughter,A,0.13620889
sara,X,paradise,A,0.12615234
sara,X,vacation,A,0.056804016
sara,X,abuse,B,0.035459507
sara,X,crash,B,0.05379204
sara,X,filth,B,0.13682587
sara,X,murder,B,0.054226615
sara,X,sickness,B,0.15685862
sara,X,accident,B,0.06321752
sara,X,death,B,0.13214989
sara,X,grief,B,0.112337396
sara,X,poison,B,0.03027847
sara,X,stink,B,0.087803245
sara,X,assault,B,-0.031576317
sara,X,disaster,B,0.04065347
sara,X,hatred,B,0.088266134
sara,X,pollute,B,0.07451412
sara,X,tragedy,B,0.01893684
sara,X,divorce,B,0.15263751
sara,X,jail,B,0.028834518
sara,X,poverty,B,0.07618684
sara,X,ugly,B,0.1579454
sara,X,cancer,B,0.09320522
sara,X,kill,B,0.10019379
sara,X,rotten,B,0.11643091
sara,X,vomit,B,0.14405228
sara,X,agony,B,0.090155974
sara,X,prison,B,0.0030299264
amber,X,caress,A,0.16396715
amber,X,freedom,A,0.022469921
amber,X,health,A,0.054707613
amber,X,love,A,0.07037008
amber,X,peace,A,0.058346614
amber,X,cheer,A,0.010421547
amber,X,friend,A,0.02341163
amber,X,heaven,A,0.17379014
amber,X,loyal,A,0.042975813
amber,X,pleasure,A,0.029330239
amber,X,diamond,A,0.2825803
amber,X,gentle,A,0.13157783
amber,X,honest,A,0.019445619
amber,X,lucky,A,0.08792451
amber,X,rainbow,A,0.27026278
amber,X,diploma,A,0.066606805
amber,X,gift,A,0.120811336
amber,X,honor,A,0.08498547
amber,X,miracle,A,0.058291323
amber,X,sunrise,A,0.1505134
amber,X,family,A,-0.04784011
amber,X,happy,A,0.031460177
amber,X,laughter,A,0.043890826
amber,X,paradise,A,0.145898
amber,X,vacation,A,-0.024150241
amber,X,abuse,B,0.062062502
amber,X,crash,B,0.11259478
amber,X,filth,B,0.070406064
amber,X,murder,B,0.03287675
amber,X,sickness,B,0.093700826
amber,X,accident,B,0.0918115
amber,X,death,B,0.12229001
amber,X,grief,B,-0.017334932
amber,X,poison,B,0.15816446
amber,X,stink,B,0.07490656
amber,X,assault,B,0.049712844
amber,X,disaster,B,0.07704209
amber,X,hatred,B,0.064340435
amber,X,pollute,B,0.026099218
amber,X,tragedy,B,0.020112094
amber,X,divorce,B,0.022503696
amber,X,jail,B,0.03365474
amber,X,poverty,B,0.071259685
amber,X,ugly,B,0.10298765
amber,X,cancer,B,0.046776805
amber,X,kill,B,0.072712176
amber,X,rotten,B,0.16651708
amber,X,vomit,B,0.14272012
amber,X,agony,B,0.048798677
amber,X,prison,B,0.06759777
crystal,X,caress,A,0.24864317
crystal,X,freedom,A,0.055146318
crystal,X,health,A,-0.052658025
crystal,X,love,A,0.07548989
crystal,X,peace,A,0.073119745
crystal,X,cheer,A,0.008265126
crystal,X,friend,A,-0.009785158
crystal,X,heaven,A,0.22404082
crystal,X,loyal,A,-0.02390357
crystal,X,pleasure,A,0.07971153
crystal,X,diamond,A,0.3521228
crystal,X,gentle,A,0.07976091
crystal,X,honest,A,0.044669744
crystal,X,lucky,A,0.13112365
crystal,X,rainbow,A,0.28379315
crystal,X,diploma,A,0.11289054
crystal,X,gift,A,0.19288813
crystal,X,honor,A,0.10951283
crystal,X,miracle,A,0.16992062
crystal,X,sunrise,A,0.11441759
crystal,X,family,A,0.0074577853
crystal,X,happy,A,0.055988725
crystal,X,laughter,A,0.058845717
crystal,X,paradise,A,0.17834866
crystal,X,vacation,A,0.028780911
crystal,X,abuse,B,0.02170423
crystal,X,crash,B,0.023942603
crystal,X,filth,B,0.016068771
crystal,X,murder,B,-0.057473492
crystal,X,sickness,B,-0.0066638244
crystal,X,accident,B,0.021654597
crystal,X,death,B,-0.013665181
crystal,X,grief,B,-0.012311989
crystal,X,poison,B,0.1392111
crystal,X,stink,B,0.04720708
crystal,X,assault,B,0.020661399
crystal,X,disaster,B,0.03412073
crystal,X,hatred,B,-0.014871815
crystal,X,pollute,B,0.0143042
crystal,X,tragedy,B,0.009804707
crystal,X,divorce,B,0.052445535
crystal,X,jail,B,-0.02215091
crystal,X,poverty,B,-0.0034746914
crystal,X,ugly,B,0.07881674
crystal,X,cancer,B,0.07931669
crystal,X,kill,B,-0.020910153
crystal,X,rotten,B,0.09534859
crystal,X,vomit,B,0.041231483
crystal,X,agony,B,0.029109675
crystal,X,prison,B,-0.05489154
katie,X,caress,A,0.15853971
katie,X,freedom,A,0.08755858
katie,X,health,A,0.061166845
katie,X,love,A,0.2200856
katie,X,peace,A,0.07638882
katie,X,cheer,A,0.06719125
katie,X,friend,A,0.14162205
katie,X,heaven,A,0.18350142
katie,X,loyal,A,0.022966402
katie,X,pleasure,A,0.042074353
katie,X,diamond,A,0.06356579
katie,X,gentle,A,0.035977073
katie,X,honest,A,0.14254656
katie,X,lucky,A,0.14610556
katie,X,rainbow,A,0.12784022
katie,X,diploma,A,0.117915995
katie,X,gift,A,0.07024063
katie,X,honor,A,0.0041656056
katie,X,miracle,A,0.06836362
katie,X,sunrise,A,0.03310593
katie,X,family,A,0.054532327
katie,X,happy,A,0.15191281
katie,X,laughter,A,0.091972835
katie,X,paradise,A,0.12233744
katie,X,vacation,A,0.08781858
katie,X,abuse,B,0.0707775
katie,X,crash,B,0.04072615
katie,X,filth,B,0.14297655
katie,X,murder,B,0.05199849
katie,X,sickness,B,0.16023666
katie,X,accident,B,0.059557308
katie,X,death,B,0.06388243
katie,X,grief,B,0.10140523
katie,X,poison,B,0.06057118
katie,X,stink,B,0.17169432
katie,X,assault,B,0.027712274
katie,X,disaster,B,-0.0055498667
katie,X,hatred,B,0.086097516
katie,X,pollute,B,0.11542732
katie,X,tragedy,B,0.047749743
katie,X,divorce,B,0.18221252
katie,X,jail,B,0.07235681
katie,X,poverty,B,0.04930721
katie,X,ugly,B,0.19634062
katie,X,cancer,B,0.1043268
katie,X,kill,B,0.13656807
katie,X,rotten,B,0.15906075
katie,X,vomit,B,0.1926888
katie,X,agony,B,0.11331516
katie,X,prison,B,0.03314575
meredith,X,caress,A,0.15383655
meredith,X,freedom,A,0.082346626
meredith,X,health,A,0.04641513
meredith,X,love,A,0.30187458
meredith,X,peace,A,0.08815954
meredith,X,cheer,A,0.16688709
meredith,X,friend,A,0.26030058
meredith,X,heaven,A,0.22524951
meredith,X,loyal,A,0.047035083
meredith,X,pleasure,A,0.13834098
meredith,X,diamond,A,0.103243746
meredith,X,gentle,A,0.095593326
meredith,X,honest,A,0.22168596
meredith,X,lucky,A,0.26756623
meredith,X,rainbow,A,0.17389512
meredith,X,diploma,A,0.074137144
meredith,X,gift,A,0.054745033
meredith,X,honor,A,0.0036577464
meredith,X,miracle,A,0.13874456
meredith,X,sunrise,A,0.13471778
meredith,X,family,A,0.09839957
meredith,X,happy,A,0.3093008
meredith,X,laughter,A,0.18053693
meredith,X,paradise,A,0.12843889
meredith,X,vacation,A,0.089070395
meredith,X,abuse,B,0.02323126
meredith,X,crash,B,0.10178927
meredith,X,filth,B,0.14594592
meredith,X,murder,B,0.12773155
meredith,X,sickness,B,0.11676664
meredith,X,accident,B,0.10261297
meredith,X,death,B,0.08513511
meredith,X,grief,B,0.1452378
meredith,X,poison,B,0.07409406
meredith,X,stink,B,0.20939013
meredith,X,assault,B,0.025047129
meredith,X,disaster,B,0.010536824
meredith,X,hatred,B,0.09128025
meredith,X,pollute,B,0.0374779
meredith,X,tragedy,B,0.08555336
meredith,X,divorce,B,0.15387395
meredith,X,jail,B,0.12324444
meredith,X,poverty,B,-0.017877113
meredith,X,ugly,B,0.18309692
meredith,X,cancer,B,0.06892645
meredith,X,kill,B,0.08822471
meredith,X,rotten,B,0.18660244
meredith,X,vomit,B,0.22507192
meredith,X,agony,B,0.109094426
meredith,X,prison,B,0.08389279
shannon,X,caress,A,0.15157036
shannon,X,freedom,A,0.08261456
shannon,X,health,A,-0.008444877
shannon,X,love,A,0.19224109
shannon,X,peace,A,0.08841244
shannon,X,cheer,A,0.11338947
shannon,X,friend,A,0.18574062
shannon,X,heaven,A,0.2116344
shannon,X,loyal,A,-0.0016023249
shannon,X,pleasure,A,0.070748836
shannon,X,diamond,A,0.02694878
shannon,X,gentle,A,0.040785145
shannon,X,honest,A,0.17441668
shannon,X,lucky,A,0.11647662
shannon,X,rainbow,A,0.1981767
shannon,X,diploma,A,0.082813926
shannon,X,gift,A,0.049507704
shannon,X,honor,A,0.02021521
shannon,X,miracle,A,0.13857453
shannon,X,sunrise,A,0.13932708
shannon,X,family,A,0.044775087
shannon,X,happy,A,0.11769796
shannon,X,laughter,A,0.08612067
shannon,X,paradise,A,0.112810634
shannon,X,vacation,A,0.029073717
shannon,X,abuse,B,0.1166667
shannon,X,crash,B,0.0996689
shannon,X,filth,B,0.15442589
shannon,X,murder,B,0.12334403
shannon,X,sickness,B,0.044230435
shannon,X,accident,B,0.10404352
shannon,X,death,B,0.068461254
shannon,X,grief,B,0.019640999
shannon,X,poison,B,0.020686498
shannon,X,stink,B,0.13951068
shannon,X,assault,B,0.08947205
shannon,X,disaster,B,0.06610057
shannon,X,hatred,B,0.039371997
shannon,X,pollute,B,0.055794217
shannon,X,tragedy,B,0.09930362
shannon,X,divorce,B,0.13716465
shannon,X,jail,B,0.12676284
shannon,X,poverty,B,0.03513498
shannon,X,ugly,B,0.12445185
shannon,X,cancer,B,0.032766674
shannon,X,kill,B,0.058638275
shannon,X,rotten,B,0.162698
shannon,X,vomit,B,0.17662318
shannon,X,agony,B,0.085742325
shannon,X,prison,B,0.0833362
betsy,X,caress,A,0.1989325
betsy,X,freedom,A,0.037414435
betsy,X,health,A,-0.03916195
betsy,X,love,A,0.11909409
betsy,X,peace,A,0.08330937
betsy,X,cheer,A,0.042234685
betsy,X,friend,A,0.08859977
betsy,X,heaven,A,0.30776814
betsy,X,loyal,A,-0.013179759
betsy,X,pleasure,A,0.053811572
betsy,X,diamond,A,0.1165628
betsy,X,gentle,A,0.11290024
betsy,X,honest,A,0.0941487
betsy,X,lucky,A,0.072330534
betsy,X,rainbow,A,0.26421815
betsy,X,diploma,A,-0.00745584
betsy,X,gift,A,0.13634147
betsy,X,honor,A,-0.007988349
betsy,X,miracle,A,0.10900606
betsy,X,sunrise,A,0.1390293
betsy,X,family,A,-0.07365562
betsy,X,happy,A,0.024220776
betsy,X,laughter,A,0.054929875
betsy,X,paradise,A,0.17730357
betsy,X,vacation,A,-0.03333888
betsy,X,abuse,B,-0.0090184985
betsy,X,crash,B,-0.019611575
betsy,X,filth,B,0.079786636
betsy,X,murder,B,0.0315198
betsy,X,sickness,B,0.036653314
betsy,X,accident,B,-0.051563065
betsy,X,death,B,0.02460529
betsy,X,grief,B,0.049466833
betsy,X,poison,B,0.1116584
betsy,X,stink,B,0.20519643
betsy,X,assault,B,-0.028420264
betsy,X,disaster,B,0.026409082
betsy,X,hatred,B,0.11917031
betsy,X,pollute,B,0.11963994
betsy,X,tragedy,B,0.02409512
betsy,X,divorce,B,0.050100297
betsy,X,jail,B,-0.046996746
betsy,X,poverty,B,-0.024962334
betsy,X,ugly,B,0.11744416
betsy,X,cancer,B,-0.057440117
betsy,X,kill,B,0.1179747
betsy,X,rotten,B,0.14971939
betsy,X,vomit,B,0.06899652
betsy,X,agony,B,0.028393492
betsy,X,prison,B,-0.06180631
donna,X,caress,A,0.27500284
donna,X,freedom,A,0.104780324
donna,X,health,A,0.05077944
donna,X,love,A,0.22574867
donna,X,peace,A,0.11273852
donna,X,cheer,A,0.04626255
donna,X,friend,A,0.23114793
donna,X,heaven,A,0.28206456
donna,X,loyal,A,0.021004513
donna,X,pleasure,A,0.0930548
donna,X,diamond,A,0.04073306
donna,X,gentle,A,0.16942239
donna,X,honest,A,0.1158439
donna,X,lucky,A,0.16544104
donna,X,rainbow,A,0.17727081
donna,X,diploma,A,0.12607272
donna,X,gift,A,0.07519246
donna,X,honor,A,-0.034688164
donna,X,miracle,A,0.2024779
donna,X,sunrise,A,0.10512133
donna,X,family,A,0.07188059
donna,X,happy,A,0.14755477
donna,X,laughter,A,0.12212221
donna,X,paradise,A,0.16718645
donna,X,vacation,A,0.015495618
donna,X,abuse,B,0.06057422
donna,X,crash,B,0.054007817
donna,X,filth,B,0.1470761
donna,X,murder,B,0.084744744
donna,X,sickness,B,0.11587892
donna,X,accident,B,0.06964108
donna,X,death,B,0.09694723
donna,X,grief,B,0.109231815
donna,X,poison,B,0.09995912
donna,X,stink,B,0.19641565
donna,X,assault,B,0.038863633
donna,X,disaster,B,0.01645074
donna,X,hatred,B,0.1224424
donna,X,pollute,B,0.11391327
donna,X,tragedy,B,0.06335819
donna,X,divorce,B,0.12237056
donna,X,jail,B,0.08395329
donna,X,poverty,B,0.0074519143
donna,X,ugly,B,0.19616741
donna,X,cancer,B,0.026228499
donna,X,kill,B,0.09137584
donna,X,rotten,B,0.17922238
donna,X,vomit,B,0.19583048
donna,X,agony,B,0.12992164
donna,X,prison,B,0.07192666
kristin,X,caress,A,0.188751
kristin,X,freedom,A,0.09353942
kristin,X,health,A,0.023743626
kristin,X,love,A,0.3103883
kristin,X,peace,A,0.102144375
kristin,X,cheer,A,0.15544952
kristin,X,friend,A,0.267611
kristin,X,heaven,A,0.28294784
kristin,X,loyal,A,0.058130033
kristin,X,pleasure,A,0.11403504
kristin,X,diamond,A,0.0927265
kristin,X,gentle,A,0.115987316
kristin,X,honest,A,0.17358455
kristin,X,lucky,A,0.23536925
kristin,X,rainbow,A,0.24205586
kristin,X,diploma,A,0.08527817
kristin,X,gift,A,0.12726377
kristin,X,honor,A,0.00014523276
kristin,X,miracle,A,0.17572238
kristin,X,sunrise,A,0.15032849
kristin,X,family,A,0.10870879
kristin,X,happy,A,0.25861382
kristin,X,laughter,A,0.14007133
kristin,X,paradise,A,0.18178517
kristin,X,vacation,A,0.14046444
kristin,X,abuse,B,0.08762203
kristin,X,crash,B,0.04916914
kristin,X,filth,B,0.176032
kristin,X,murder,B,0.10230673
kristin,X,sickness,B,0.15632918
kristin,X,accident,B,0.07864765
kristin,X,death,B,0.08676625
kristin,X,grief,B,0.123099655
kristin,X,poison,B,0.060098905
kristin,X,stink,B,0.18993598
kristin,X,assault,B,-0.018122915
kristin,X,disaster,B,0.044723786
kristin,X,hatred,B,0.16700532
kristin,X,pollute,B,0.114303775
kristin,X,tragedy,B,0.05297631
kristin,X,divorce,B,0.16922994
kristin,X,jail,B,0.11139987
kristin,X,poverty,B,0.04495885
kristin,X,ugly,B,0.15944901
kristin,X,cancer,B,0.050598495
kristin,X,kill,B,0.15700229
kristin,X,rotten,B,0.14949419
kristin,X,vomit,B,0.21235368
kristin,X,agony,B,0.11059198
kristin,X,prison,B,0.072349496
nancy,X,caress,A,0.16452196
nancy,X,freedom,A,0.050145056
nancy,X,health,A,0.02081807
nancy,X,love,A,0.20018406
nancy,X,peace,A,0.08080975
nancy,X,cheer,A,-0.0100994725
nancy,X,friend,A,0.20807625
nancy,X,heaven,A,0.17870311
nancy,X,loyal,A,0.033275135
nancy,X,pleasure,A,0.12268023
nancy,X,diamond,A,0.04867909
nancy,X,gentle,A,0.15991639
nancy,X,honest,A,0.15322475
nancy,X,lucky,A,0.057066325
nancy,X,rainbow,A,0.13712375
nancy,X,diploma,A,-0.021668032
nancy,X,gift,A,0.047415037
nancy,X,honor,A,-0.053429972
nancy,X,miracle,A,0.06387404
nancy,X,sunrise,A,0.03301752
nancy,X,family,A,0.054696795
nancy,X,happy,A,0.060636044
nancy,X,laughter,A,0.083733924
nancy,X,paradise,A,0.14495455
nancy,X,vacation,A,0.007942557
nancy,X,abuse,B,0.08523748
nancy,X,crash,B,0.01988251
nancy,X,filth,B,0.1845195
nancy,X,murder,B,0.02740632
nancy,X,sickness,B,0.14794004
nancy,X,accident,B,0.0010385113
nancy,X,death,B,0.052142046
nancy,X,grief,B,0.078767516
nancy,X,poison,B,0.06694383
nancy,X,stink,B,0.18014148
nancy,X,assault,B,-0.024210136
nancy,X,disaster,B,-0.04025075
nancy,X,hatred,B,0.07737132
nancy,X,pollute,B,0.05038046
nancy,X,tragedy,B,-0.0043148324
nancy,X,divorce,B,0.110932276
nancy,X,jail,B,0.023928583
nancy,X,poverty,B,-0.028754659
nancy,X,ugly,B,0.19928516
nancy,X,cancer,B,0.022740912
nancy,X,kill,B,0.12233082
nancy,X,rotten,B,0.17090154
nancy,X,vomit,B,0.18631254
nancy,X,agony,B,0.0649221
nancy,X,prison,B,-0.020884048
stephanie,X,caress,A,0.22928703
stephanie,X,freedom,A,0.10684622
stephanie,X,health,A,0.03047212
stephanie,X,love,A,0.25666836
stephanie,X,peace,A,0.031810865
stephanie,X,cheer,A,0.11295911
stephanie,X,friend,A,0.22322837
stephanie,X,heaven,A,0.22130926
stephanie,X,loyal,A,0.040075727
stephanie,X,pleasure,A,0.08593217
stephanie,X,diamond,A,0.08523745
stephanie,X,gentle,A,0.079454936
stephanie,X,honest,A,0.11415124
stephanie,X,lucky,A,0.14093709
stephanie,X,rainbow,A,0.17738803
stephanie,X,diploma,A,0.036383327
stephanie,X,gift,A,0.084658355
stephanie,X,honor,A,0.03260803
stephanie,X,miracle,A,0.14916354
stephanie,X,sunrise,A,0.1480449
stephanie,X,family,A,0.03896918
stephanie,X,happy,A,0.15266703
stephanie,X,laughter,A,0.104015924
stephanie,X,paradise,A,0.10363277
stephanie,X,vacation,A,0.07577675
stephanie,X,abuse,B,0.13921925
stephanie,X,crash,B,0.0762214
stephanie,X,filth,B,0.18795943
stephanie,X,murder,B,0.1036361
stephanie,X,sickness,B,0.14610283
stephanie,X,accident,B,0.078014836
stephanie,X,death,B,0.054933857
stephanie,X,grief,B,0.08296153
stephanie,X,poison,B,0.1133372
stephanie,X,stink,B,0.14868191
stephanie,X,assault,B,0.09355174
stephanie,X,disaster,B,0.030599358
stephanie,X,hatred,B,0.13601452
stephanie,X,pollute,B,0.118112475
stephanie,X,tragedy,B,0.09197695
stephanie,X,divorce,B,0.1282284
stephanie,X,jail,B,0.1297025
stephanie,X,poverty,B,-0.0034808107
stephanie,X,ugly,B,0.14741924
stephanie,X,cancer,B,0.044259507
stephanie,X,kill,B,0.19747743
stephanie,X,rotten,B,0.15335535
stephanie,X,vomit,B,0.22312126
stephanie,X,agony,B,0.1062209
stephanie,X,prison,B,0.06919539
ellen,X,caress,A,0.1701258
ellen,X,freedom,A,0.063239306
ellen,X,health,A,0.14175431
ellen,X,love,A,0.2225809
ellen,X,peace,A,0.07026524
ellen,X,cheer,A,0.092517115
ellen,X,friend,A,0.1855042
ellen,X,heaven,A,0.16119415
ellen,X,loyal,A,0.020351624
ellen,X,pleasure,A,0.103120215
ellen,X,diamond,A,0.029906388
ellen,X,gentle,A,0.10252266
ellen,X,honest,A,0.12155636
ellen,X,lucky,A,0.12606321
ellen,X,rainbow,A,0.19171496
ellen,X,diploma,A,0.0046325154
ellen,X,gift,A,0.05852112
ellen,X,honor,A,-0.037525874
ellen,X,miracle,A,0.11750204
ellen,X,sunrise,A,0.051475577
ellen,X,family,A,0.03020057
ellen,X,happy,A,0.07991084
ellen,X,laughter,A,0.1034282
ellen,X,paradise,A,0.100917965
ellen,X,vacation,A,0.00020461848
ellen,X,abuse,B,0.032686915
ellen,X,crash,B,-0.038711645
ellen,X,filth,B,0.1317656
ellen,X,murder,B,-0.0021939836
ellen,X,sickness,B,0.14331046
ellen,X,accident,B,-0.00063611066
ellen,X,death,B,-0.0033468073
ellen,X,grief,B,0.0218887
ellen,X,poison,B,0.029408818
ellen,X,stink,B,0.1742199
ellen,X,assault,B,-0.014813911
ellen,X,disaster,B,0.04535087
ellen,X,hatred,B,0.11969047
ellen,X,pollute,B,0.08882836
ellen,X,tragedy,B,-0.013902787
ellen,X,divorce,B,0.09998446
ellen,X,jail,B,0.03580612
ellen,X,poverty,B,0.044777628
ellen,X,ugly,B,0.17811134
ellen,X,cancer,B,0.043737434
ellen,X,kill,B,0.114642434
ellen,X,rotten,B,0.15822569
ellen,X,vomit,B,0.14710402
ellen,X,agony,B,0.06002009
ellen,X,prison,B,-0.0091102
lauren,X,caress,A,0.18325877
lauren,X,freedom,A,0.042335067
lauren,X,health,A,-0.029590404
lauren,X,love,A,0.27080274
lauren,X,peace,A,0.10296389
lauren,X,cheer,A,0.10208158
lauren,X,friend,A,0.16297144
lauren,X,heaven,A,0.2318543
lauren,X,loyal,A,0.005893892
lauren,X,pleasure,A,0.06257107
lauren,X,diamond,A,0.06805667
lauren,X,gentle,A,0.08648304
lauren,X,honest,A,0.12887998
lauren,X,lucky,A,0.15119997
lauren,X,rainbow,A,0.14570409
lauren,X,diploma,A,0.063194826
lauren,X,gift,A,0.0346356
lauren,X,honor,A,-0.025301373
lauren,X,miracle,A,0.12266601
lauren,X,sunrise,A,0.079264924
lauren,X,family,A,0.012997608
lauren,X,happy,A,0.15253592
lauren,X,laughter,A,0.083289266
lauren,X,paradise,A,0.13800716
lauren,X,vacation,A,0.015038726
lauren,X,abuse,B,0.020849174
lauren,X,crash,B,0.07424971
lauren,X,filth,B,0.1102431
lauren,X,murder,B,0.010000319
lauren,X,sickness,B,0.05781407
lauren,X,accident,B,0.06518622
lauren,X,death,B,0.03484458
lauren,X,grief,B,0.06107137
lauren,X,poison,B,-0.0274576
lauren,X,stink,B,0.16864246
lauren,X,assault,B,-0.007830051
lauren,X,disaster,B,0.053564403
lauren,X,hatred,B,0.121682264
lauren,X,pollute,B,0.0820357
lauren,X,tragedy,B,0.028716221
lauren,X,divorce,B,0.06028687
lauren,X,jail,B,0.05190725
lauren,X,poverty,B,0.011635897
lauren,X,ugly,B,0.18173282
lauren,X,cancer,B,-0.0064889295
lauren,X,kill,B,0.05796085
lauren,X,rotten,B,0.15039387
lauren,X,vomit,B,0.18225889
lauren,X,agony,B,0.08368206
lauren,X,prison,B,-0.0046520727
peggy,X,caress,A,0.25521946
peggy,X,freedom,A,0.053198937
peggy,X,health,A,0.025255637
peggy,X,love,A,0.22251701
peggy,X,peace,A,0.028453242
peggy,X,cheer,A,0.042747796
peggy,X,friend,A,0.2212176
peggy,X,heaven,A,0.16822134
peggy,X,loyal,A,-0.029104594
peggy,X,pleasure,A,0.14199957
peggy,X,diamond,A,0.1090384
peggy,X,gentle,A,0.13863061
peggy,X,honest,A,0.1222416
peggy,X,lucky,A,0.06344278
peggy,X,rainbow,A,0.22295241
peggy,X,diploma,A,0.0027858713
peggy,X,gift,A,0.123592705
peggy,X,honor,A,0.0054914504
peggy,X,miracle,A,0.037696354
peggy,X,sunrise,A,0.06145339
peggy,X,family,A,0.06314133
peggy,X,happy,A,0.023194173
peggy,X,laughter,A,0.17680569
peggy,X,paradise,A,0.07399775
peggy,X,vacation,A,-0.0014557461
peggy,X,abuse,B,0.091284804
peggy,X,crash,B,-0.0015452987
peggy,X,filth,B,0.12975913
peggy,X,murder,B,0.05028289
peggy,X,sickness,B,0.07721829
peggy,X,accident,B,0.042395595
peggy,X,death,B,0.04973166
peggy,X,grief,B,0.046286855
peggy,X,poison,B,0.080824696
peggy,X,stink,B,0.14599131
peggy,X,assault,B,0.0374059
peggy,X,disaster,B,-0.018906891
peggy,X,hatred,B,0.10532606
peggy,X,pollute,B,0.061040286
peggy,X,tragedy,B,-0.0020264066
peggy,X,divorce,B,0.08266162
peggy,X,jail,B,0.049123768
peggy,X,poverty,B,-0.011026971
peggy,X,ugly,B,0.16440333
peggy,X,cancer,B,0.07337314
peggy,X,kill,B,0.10658635
peggy,X,rotten,B,0.15059927
peggy,X,vomit,B,0.23371701
peggy,X,agony,B,0.059698936
peggy,X,prison,B,0.027952712
colleen,X,caress,A,0.101726875
colleen,X,freedom,A,0.13198571
colleen,X,health,A,0.034221414
colleen,X,love,A,0.1892888
colleen,X,peace,A,0.13133469
colleen,X,cheer,A,0.13031545
colleen,X,friend,A,0.14237876
colleen,X,heaven,A,0.15830739
colleen,X,loyal,A,-0.015284912
colleen,X,pleasure,A,0.0963296
colleen,X,diamond,A,0.03654857
colleen,X,gentle,A,0.12566315
colleen,X,honest,A,0.15850939
colleen,X,lucky,A,0.15366165
colleen,X,rainbow,A,0.17244281
colleen,X,diploma,A,0.056080278
colleen,X,gift,A,0.14753936
colleen,X,honor,A,0.19564705
colleen,X,miracle,A,0.14478782
colleen,X,sunrise,A,0.02713772
colleen,X,family,A,0.10909392
colleen,X,happy,A,0.04185685
colleen,X,laughter,A,0.07065459
colleen,X,paradise,A,0.15928109
colleen,X,vacation,A,-0.003709149
colleen,X,abuse,B,0.1315931
colleen,X,crash,B,0.07472056
colleen,X,filth,B,0.1471522
colleen,X,murder,B,0.13519932
colleen,X,sickness,B,0.097790994
colleen,X,accident,B,0.033038504
colleen,X,death,B,0.039887782
colleen,X,grief,B,0.07180511
colleen,X,poison,B,0.09700383
colleen,X,stink,B,0.14287989
colleen,X,assault,B,0.058371477
colleen,X,disaster,B,-0.0004567241
colleen,X,hatred,B,0.0832345
colleen,X,pollute,B,0.10238596
colleen,X,tragedy,B,0.087488554
colleen,X,divorce,B,0.065366186
colleen,X,jail,B,0.078606345
colleen,X,poverty,B,0.06463117
colleen,X,ugly,B,0.11729017
colleen,X,cancer,B,0.07640605
colleen,X,kill,B,0.09356519
colleen,X,rotten,B,0.13828944
colleen,X,vomit,B,0.14985292
colleen,X,agony,B,0.05921596
colleen,X,prison,B,0.05836425
emily,X,caress,A,0.14989148
emily,X,freedom,A,0.07650273
emily,X,health,A,0.028212208
emily,X,love,A,0.18414138
emily,X,peace,A,0.1144161
emily,X,cheer,A,0.049762335
emily,X,friend,A,0.1648756
emily,X,heaven,A,0.20497896
emily,X,loyal,A,-0.026128354
emily,X,pleasure,A,0.035997864
emily,X,diamond,A,0.036181666
emily,X,gentle,A,0.07040611
emily,X,honest,A,0.11091565
emily,X,lucky,A,0.1428287
emily,X,rainbow,A,0.16507013
emily,X,diploma,A,0.036158405
emily,X,gift,A,0.07459604
emily,X,honor,A,-0.011609374
emily,X,miracle,A,0.11957346
emily,X,sunrise,A,0.07502229
emily,X,family,A,0.0065982575
emily,X,happy,A,0.10486001
emily,X,laughter,A,0.08645673
emily,X,paradise,A,0.09700159
emily,X,vacation,A,0.048009563
emily,X,abuse,B,0.03615907
emily,X,crash,B,0.054123603
emily,X,filth,B,0.12942888
emily,X,murder,B,0.037281454
emily,X,sickness,B,0.09669555
emily,X,accident,B,0.06923522
emily,X,death,B,0.11564002
emily,X,grief,B,0.09498369
emily,X,poison,B,0.065030634
emily,X,stink,B,0.17628294
emily,X,assault,B,0.001508213
emily,X,disaster,B,0.07731715
emily,X,hatred,B,0.10146003
emily,X,pollute,B,0.045092195
emily,X,tragedy,B,0.035410613
emily,X,divorce,B,0.07720771
emily,X,jail,B,0.066068076
emily,X,poverty,B,0.009794174
emily,X,ugly,B,0.15549561
emily,X,cancer,B,0.06989197
emily,X,kill,B,0.1246841
emily,X,rotten,B,0.14799446
emily,X,vomit,B,0.22688907
emily,X,agony,B,0.12355526
emily,X,prison,B,0.038567387
megan,X,caress,A,0.19534925
megan,X,freedom,A,0.037902508
megan,X,health,A,-0.02787463
megan,X,love,A,0.24515896
megan,X,peace,A,0.08064831
megan,X,cheer,A,0.076705344
megan,X,friend,A,0.14979294
megan,X,heaven,A,0.18018895
megan,X,loyal,A,0.0491633
megan,X,pleasure,A,0.105034344
megan,X,diamond,A,0.047859505
megan,X,gentle,A,0.085807465
megan,X,honest,A,0.16800047
megan,X,lucky,A,0.15515071
megan,X,rainbow,A,0.20246841
megan,X,diploma,A,0.015706625
megan,X,gift,A,0.017518772
megan,X,honor,A,-0.039293602
megan,X,miracle,A,0.022762509
megan,X,sunrise,A,0.111227676
megan,X,family,A,-0.0042415266
megan,X,happy,A,0.13385172
megan,X,laughter,A,0.15785956
megan,X,paradise,A,0.0999834
megan,X,vacation,A,-0.020269418
megan,X,abuse,B,0.070911966
megan,X,crash,B,0.029437495
megan,X,filth,B,0.17634642
megan,X,murder,B,0.043899365
megan,X,sickness,B,0.08794382
megan,X,accident,B,0.052767593
megan,X,death,B,0.03166911
megan,X,grief,B,0.07334605
megan,X,poison,B,0.031462472
megan,X,stink,B,0.1890892
megan,X,assault,B,0.0071670483
megan,X,disaster,B,0.03804217
megan,X,hatred,B,0.12495877
megan,X,pollute,B,0.06206867
megan,X,tragedy,B,0.022729628
megan,X,divorce,B,0.09209977
megan,X,jail,B,0.057190314
megan,X,poverty,B,0.031504642
megan,X,ugly,B,0.16282828
megan,X,cancer,B,0.05003403
megan,X,kill,B,0.09689077
megan,X,rotten,B,0.11016659
megan,X,vomit,B,0.22982228
megan,X,agony,B,0.052256234
megan,X,prison,B,0.014329523
rachel,X,caress,A,0.22937967
rachel,X,freedom,A,0.045129973
rachel,X,health,A,0.04403175
rachel,X,love,A,0.27496096
rachel,X,peace,A,0.060436234
rachel,X,cheer,A,0.08235061
rachel,X,friend,A,0.21203056
rachel,X,heaven,A,0.21183105
rachel,X,loyal,A,0.016898332
rachel,X,pleasure,A,0.17287886
rachel,X,diamond,A,0.08868608
rachel,X,gentle,A,0.057999242
rachel,X,honest,A,0.15630654
rachel,X,lucky,A,0.16555846
rachel,X,rainbow,A,0.18164825
rachel,X,diploma,A,0.020003801
rachel,X,gift,A,0.08169156
rachel,X,honor,A,-0.0027095824
rachel,X,miracle,A,0.13619776
rachel,X,sunrise,A,0.10668252
rachel,X,family,A,0.093328916
rachel,X,happy,A,0.18204632
rachel,X,laughter,A,0.1363869
rachel,X,paradise,A,0.15174887
rachel,X,vacation,A,0.06777604
rachel,X,abuse,B,0.09137191
rachel,X,crash,B,0.05406655
rachel,X,filth,B,0.14773796
rachel,X,murder,B,0.103878826
rachel,X,sickness,B,0.18181932
rachel,X,accident,B,0.07505902
rachel,X,death,B,0.13124631
rachel,X,grief,B,0.07739399
rachel,X,poison,B,0.089296855
rachel,X,stink,B,0.20081341
rachel,X,assault,B,0.014048818
rachel,X,disaster,B,0.028962946
rachel,X,hatred,B,0.0962415
rachel,X,pollute,B,0.11359267
rachel,X,tragedy,B,0.034604505
rachel,X,divorce,B,0.17274198
rachel,X,jail,B,0.083116904
rachel,X,poverty,B,0.022925891
rachel,X,ugly,B,0.18827935
rachel,X,cancer,B,0.043653797
rachel,X,kill,B,0.18490839
rachel,X,rotten,B,0.1967224
rachel,X,vomit,B,0.24478053
rachel,X,agony,B,0.10800518
rachel,X,prison,B,0.041639104
wendy,X,caress,A,0.16577256
wendy,X,freedom,A,0.020136757
wendy,X,health,A,0.021342289
wendy,X,love,A,0.14192031
wendy,X,peace,A,0.016926892
wendy,X,cheer,A,-0.012905084
wendy,X,friend,A,0.18969733
wendy,X,heaven,A,0.18957923
wendy,X,loyal,A,0.013155264
wendy,X,pleasure,A,0.061555084
wendy,X,diamond,A,0.051814657
wendy,X,gentle,A,0.111624286
wendy,X,honest,A,0.082723714
wendy,X,lucky,A,0.11869637
wendy,X,rainbow,A,0.15571234
wendy,X,diploma,A,-0.048705313
wendy,X,gift,A,0.06163647
wendy,X,honor,A,-0.13948745
wendy,X,miracle,A,0.089714475
wendy,X,sunrise,A,0.06210889
wendy,X,family,A,0.03293625
wendy,X,happy,A,0.027748458
wendy,X,laughter,A,0.040423088
wendy,X,paradise,A,0.1439363
wendy,X,vacation,A,0.054986827
wendy,X,abuse,B,0.05121704
wendy,X,crash,B,0.101761
wendy,X,filth,B,0.22563449
wendy,X,murder,B,0.05169508
wendy,X,sickness,B,0.11091069
wendy,X,accident,B,0.08709376
wendy,X,death,B,0.0657095
wendy,X,grief,B,-0.020966725
wendy,X,poison,B,0.039134566
wendy,X,stink,B,0.20480457
wendy,X,assault,B,-0.009511352
wendy,X,disaster,B,0.096242934
wendy,X,hatred,B,0.024077909
wendy,X,pollute,B,0.10242402
wendy,X,tragedy,B,0.026448628
wendy,X,divorce,B,0.10615611
wendy,X,jail,B,0.13838299
wendy,X,poverty,B,-0.010332075
wendy,X,ugly,B,0.1430449
wendy,X,cancer,B,-0.0026597176
wendy,X,kill,B,0.06325147
wendy,X,rotten,B,0.20330162
wendy,X,vomit,B,0.17152086
wendy,X,agony,B,0.08192145
wendy,X,prison,B,0.07751152
alonzo,Y,caress,A,0.08805213
alonzo,Y,freedom,A,0.057578173
alonzo,Y,health,A,0.025597798
alonzo,Y,love,A,0.13033685
alonzo,Y,peace,A,0.07006262
alonzo,Y,cheer,A,0.08957523
alonzo,Y,friend,A,0.17838626
alonzo,Y,heaven,A,0.042417318
alonzo,Y,loyal,A,0.077909626
alonzo,Y,pleasure,A,0.035719365
alonzo,Y,diamond,A,0.062686175
alonzo,Y,gentle,A,0.1076811
alonzo,Y,honest,A,0.080793746
alonzo,Y,lucky,A,0.04500414
alonzo,Y,rainbow,A,0.10280538
alonzo,Y,diploma,A,0.039109346
alonzo,Y,gift,A,0.12689944
alonzo,Y,honor,A,0.09732657
alonzo,Y,miracle,A,0.111983426
alonzo,Y,sunrise,A,0.063562654
alonzo,Y,family,A,0.12073919
alonzo,Y,happy,A,0.0950244
alonzo,Y,laughter,A,0.010086332
alonzo,Y,paradise,A,0.03355129
alonzo,Y,vacation,A,0.048194278
alonzo,Y,abuse,B,0.02312641
alonzo,Y,crash,B,0.06032029
alonzo,Y,filth,B,0.03846435
alonzo,Y,murder,B,0.1557648
alonzo,Y,sickness,B,0.0066771572
alonzo,Y,accident,B,0.10418698
alonzo,Y,death,B,0.16093847
alonzo,Y,grief,B,0.05624175
alonzo,Y,poison,B,-0.025776394
alonzo,Y,stink,B,0.033644095
alonzo,Y,assault,B,0.15167412
alonzo,Y,disaster,B,0.027822776
alonzo,Y,hatred,B,0.06217747
alonzo,Y,pollute,B,-0.055676006
alonzo,Y,tragedy,B,0.082465984
alonzo,Y,divorce,B,0.009547489
alonzo,Y,jail,B,0.104479
alonzo,Y,poverty,B,0.14509349
alonzo,Y,ugly,B,0.06550044
alonzo,Y,cancer,B,0.017980527
alonzo,Y,kill,B,0.0868186
alonzo,Y,rotten,B,0.001570012
alonzo,Y,vomit,B,0.030914001
alonzo,Y,agony,B,0.05864255
alonzo,Y,prison,B,0.10597303
jamel,Y,caress,A,0.05420858
jamel,Y,freedom,A,0.02265227
jamel,Y,health,A,0.008441561
jamel,Y,love,A,0.016956924
jamel,Y,peace,A,0.044544253
jamel,Y,cheer,A,0.07885385
jamel,Y,friend,A,0.116928466
jamel,Y,heaven,A,0.03651352
jamel,Y,loyal,A,0.06089635
jamel,Y,pleasure,A,0.0031114873
jamel,Y,diamond,A,0.0131896315
jamel,Y,gentle,A,0.023068056
jamel,Y,honest,A,0.010425696
jamel,Y,lucky,A,0.021128036
jamel,Y,rainbow,A,0.049798377
jamel,Y,diploma,A,0.030117279
jamel,Y,gift,A,0.065591745
jamel,Y,honor,A,0.065502934
jamel,Y,miracle,A,0.072171174
jamel,Y,sunrise,A,0.07059799
jamel,Y,family,A,0.10621921
jamel,Y,happy,A,0.08471165
jamel,Y,laughter,A,-0.026327979
jamel,Y,paradise,A,0.038767193
jamel,Y,vacation,A,0.03351317
jamel,Y,abuse,B,0.061084818
jamel,Y,crash,B,0.08853587
jamel,Y,filth,B,0.0626244
jamel,Y,murder,B,0.18792135
jamel,Y,sickness,B,0.040765908
jamel,Y,accident,B,0.11434303
jamel,Y,death,B,0.16168386
jamel,Y,grief,B,0.10677699
jamel,Y,poison,B,0.045064993
jamel,Y,stink,B,0.076028004
jamel,Y,assault,B,0.17251913
jamel,Y,disaster,B,0.012100489
jamel,Y,hatred,B,0.10543839
jamel,Y,pollute,B,0.009026917
jamel,Y,tragedy,B,0.11112911
jamel,Y,divorce,B,-0.016067356
jamel,Y,jail,B,0.16118422
jamel,Y,poverty,B,0.06862361
jamel,Y,ugly,B,0.05922029
jamel,Y,cancer,B,-0.032463454
jamel,Y,kill,B,0.0771232
jamel,Y,rotten,B,0.06465622
jamel,Y,vomit,B,0.04031433
jamel,Y,agony,B,0.07414834
jamel,Y,prison,B,0.18198723
lerone,Y,caress,A,0.068219535
lerone,Y,freedom,A,0.09271686
lerone,Y,health,A,-0.0010342925
lerone,Y,love,A,0.10607537
lerone,Y,peace,A,0.087301314
lerone,Y,cheer,A,0.12023254
lerone,Y,friend,A,0.22161268
lerone,Y,heaven,A,0.10679893
lerone,Y,loyal,A,0.06534793
lerone,Y,pleasure,A,0.045184024
lerone,Y,diamond,A,-0.044255275
lerone,Y,gentle,A,0.11540569
lerone,Y,honest,A,0.09532766
lerone,Y,lucky,A,0.08194772
lerone,Y,rainbow,A,0.06566968
lerone,Y,diploma,A,0.1446361
lerone,Y,gift,A,0.014564332
lerone,Y,honor,A,0.14686736
lerone,Y,miracle,A,0.0866003
lerone,Y,sunrise,A,0.080366306
lerone,Y,family,A,0.15197967
lerone,Y,happy,A,0.11292953
lerone,Y,laughter,A,0.077421844
lerone,Y,paradise,A,0.124419525
lerone,Y,vacation,A,0.07960112
lerone,Y,abuse,B,0.07655675
lerone,Y,crash,B,0.012371784
lerone,Y,filth,B,0.088962674
lerone,Y,murder,B,0.22848392
lerone,Y,sickness,B,-0.0018993465
lerone,Y,accident,B,0.05845772
lerone,Y,death,B,0.18053667
lerone,Y,grief,B,0.11257121
lerone,Y,poison,B,0.0065536425
lerone,Y,stink,B,0.06481271
lerone,Y,assault,B,0.21864536
lerone,Y,disaster,B,-0.0632095
lerone,Y,hatred,B,0.07479748
lerone,Y,pollute,B,-0.03307583
lerone,Y,tragedy,B,0.11284254
lerone,Y,divorce,B,0.01075177
lerone,Y,jail,B,0.17767596
lerone,Y,poverty,B,0.11757473
lerone,Y,ugly,B,0.026872892
lerone,Y,cancer,B,0.033161838
lerone,Y,kill,B,0.13487227
lerone,Y,rotten,B,0.0009677706
lerone,Y,vomit,B,0.1273808
lerone,Y,agony,B,0.11680485
lerone,Y,prison,B,0.17119731
percell,Y,caress,A,0.09952533
percell,Y,freedom,A,0.0072084777
percell,Y,health,A,0.05154697
percell,Y,love,A,0.13692318
percell,Y,peace,A,0.07516075
percell,Y,cheer,A,0.031526927
percell,Y,friend,A,0.18226877
percell,Y,heaven,A,0.042393558
percell,Y,loyal,A,-0.001220922
percell,Y,pleasure,A,0.009196273
percell,Y,diamond,A,0.011509904
percell,Y,gentle,A,0.05365654
percell,Y,honest,A,0.058270734
percell,Y,lucky,A,0.06354369
percell,Y,rainbow,A,0.049266312
percell,Y,diploma,A,0.14034267
percell,Y,gift,A,0.07312964
percell,Y,honor,A,0.06821592
percell,Y,miracle,A,0.04421047
percell,Y,sunrise,A,0.029382197
percell,Y,family,A,0.123198785
percell,Y,happy,A,0.103385456
percell,Y,laughter,A,0.02838223
percell,Y,paradise,A,-0.020900642
percell,Y,vacation,A,0.06769871
percell,Y,abuse,B,0.10788753
percell,Y,crash,B,0.0694975
percell,Y,filth,B,0.04548278
percell,Y,murder,B,0.10953948
percell,Y,sickness,B,0.040497962
percell,Y,accident,B,0.11252198
percell,Y,death,B,0.09003527
percell,Y,grief,B,0.06242361
percell,Y,poison,B,0.01636318
percell,Y,stink,B,0.0566385
percell,Y,assault,B,0.09980331
percell,Y,disaster,B,-0.016352985
percell,Y,hatred,B,0.07283312
percell,Y,pollute,B,0.025503842
percell,Y,tragedy,B,0.03992542
percell,Y,divorce,B,0.10453413
percell,Y,jail,B,0.10940178
percell,Y,poverty,B,0.0302119
percell,Y,ugly,B,0.051164825
percell,Y,cancer,B,0.064349584
percell,Y,kill,B,0.10399712
percell,Y,rotten,B,0.0074851606
percell,Y,vomit,B,0.05378442
percell,Y,agony,B,0.027586108
percell,Y,prison,B,0.12389725
theo,Y,caress,A,0.107016526
theo,Y,freedom,A,0.1460412
theo,Y,health,A,0.026982928
theo,Y,love,A,0.06350335
theo,Y,peace,A,0.11492053
theo,Y,cheer,A,-0.04386386
theo,Y,friend,A,0.08815987
theo,Y,heaven,A,0.23259811
theo,Y,loyal,A,0.015497797
theo,Y,pleasure,A,0.04461109
theo,Y,diamond,A,0.011371117
theo,Y,gentle,A,0.055354282
theo,Y,honest,A,0.12261639
theo,Y,lucky,A,-0.03221767
theo,Y,rainbow,A,0.16155858
theo,Y,diploma,A,0.02440817
theo,Y,gift,A,0.08869821
theo,Y,honor,A,-0.05711173
theo,Y,miracle,A,0.15258448
theo,Y,sunrise,A,0.06703104
theo,Y,family,A,-0.04215595
theo,Y,happy,A,-0.011684599
theo,Y,laughter,A,0.05518017
theo,Y,paradise,A,0.18866697
theo,Y,vacation,A,0.037980076
theo,Y,abuse,B,0.07202978
theo,Y,crash,B,0.0409067
theo,Y,filth,B,0.11717116
theo,Y,murder,B,0.06560575
theo,Y,sickness,B,0.088861465
theo,Y,accident,B,-0.014106975
theo,Y,death,B,0.05189301
theo,Y,grief,B,-0.037943874
theo,Y,poison,B,0.092820145
theo,Y,stink,B,0.18487404
theo,Y,assault,B,0.05751788
theo,Y,disaster,B,0.028736232
theo,Y,hatred,B,0.149635
theo,Y,pollute,B,0.08422139
theo,Y,tragedy,B,-0.0009603666
theo,Y,divorce,B,0.1160258
theo,Y,jail,B,0.095023945
theo,Y,poverty,B,-0.011832746
theo,Y,ugly,B,0.12911542
theo,Y,cancer,B,-0.06475202
theo,Y,kill,B,0.1061817
theo,Y,rotten,B,0.12133706
theo,Y,vomit,B,0.115763046
theo,Y,agony,B,0.046771675
theo,Y,prison,B,0.060386777
alphonse,Y,caress,A,0.13036993
alphonse,Y,freedom,A,-0.002706075
alphonse,Y,health,A,0.040877588
alphonse,Y,love,A,0.08716301
alphonse,Y,peace,A,0.07460537
alphonse,Y,cheer,A,-0.0030030862
alphonse,Y,friend,A,0.12370067
alphonse,Y,heaven,A,0.052275654
alphonse,Y,loyal,A,0.09445824
alphonse,Y,pleasure,A,-0.005044709
alphonse,Y,diamond,A,0.035953853
alphonse,Y,gentle,A,0.097521804
alphonse,Y,honest,A,-0.03333347
alphonse,Y,lucky,A,0.04047899
alphonse,Y,rainbow,A,0.02041184
alphonse,Y,diploma,A,0.052442223
alphonse,Y,gift,A,0.051621377
alphonse,Y,honor,A,0.05104689
alphonse,Y,miracle,A,0.048423406
alphonse,Y,sunrise,A,-0.017859142
alphonse,Y,family,A,0.111666165
alphonse,Y,happy,A,0.06266717
alphonse,Y,laughter,A,0.0369169
alphonse,Y,paradise,A,-0.0006935563
alphonse,Y,vacation,A,0.029183138
alphonse,Y,abuse,B,0.05062442
alphonse,Y,crash,B,0.00042287924
alphonse,Y,filth,B,0.0023011998
alphonse,Y,murder,B,0.10056657
alphonse,Y,sickness,B,0.010012202
alphonse,Y,accident,B,0.05144682
alphonse,Y,death,B,0.10851459
alphonse,Y,grief,B,0.092910774
alphonse,Y,poison,B,0.04179412
alphonse,Y,stink,B,-0.017438112
alphonse,Y,assault,B,0.06601505
alphonse,Y,disaster,B,0.04808278
alphonse,Y,hatred,B,0.004951859
alphonse,Y,pollute,B,0.04419806
alphonse,Y,tragedy,B,0.08824871
alphonse,Y,divorce,B,0.023811556
alphonse,Y,jail,B,0.10298114
alphonse,Y,poverty,B,0.034388866
alphonse,Y,ugly,B,-0.008380291
alphonse,Y,cancer,B,0.031349994
alphonse,Y,kill,B,0.05505055
alphonse,Y,rotten,B,0.046238508
alphonse,Y,vomit,B,0.040992398
alphonse,Y,agony,B,0.07607564
alphonse,Y,prison,B,0.08430222
jerome,Y,caress,A,0.09024728
jerome,Y,freedom,A,0.07653071
jerome,Y,health,A,-0.009398143
jerome,Y,love,A,0.07649964
jerome,Y,peace,A,0.054506045
jerome,Y,cheer,A,-0.0047915573
jerome,Y,friend,A,0.10230356
jerome,Y,heaven,A,0.15704715
jerome,Y,loyal,A,0.02193747
jerome,Y,pleasure,A,0.06398958
jerome,Y,diamond,A,0.05439546
jerome,Y,gentle,A,0.05303966
jerome,Y,honest,A,0.1170221
jerome,Y,lucky,A,0.028834445
jerome,Y,rainbow,A,0.14782628
jerome,Y,diploma,A,0.03381466
jerome,Y,gift,A,0.009590502
jerome,Y,honor,A,-0.029908752
jerome,Y,miracle,A,0.028512882
jerome,Y,sunrise,A,0.12739122
jerome,Y,family,A,-0.0095080575
jerome,Y,happy,A,0.05527061
jerome,Y,laughter,A,-0.011975274
jerome,Y,paradise,A,0.08431561
jerome,Y,vacation,A,-0.024381693
jerome,Y,abuse,B,0.029141232
jerome,Y,crash,B,-0.023403717
jerome,Y,filth,B,0.07877209
jerome,Y,murder,B,0.015352553
jerome,Y,sickness,B,0.04202602
jerome,Y,accident,B,-0.02282687
jerome,Y,death,B,0.018872926
jerome,Y,grief,B,-0.019392587
jerome,Y,poison,B,-0.03180327
jerome,Y,stink,B,0.063264154
jerome,Y,assault,B,-0.009228699
jerome,Y,disaster,B,0.024537425
jerome,Y,hatred,B,0.08716124
jerome,Y,pollute,B,0.0051036337
jerome,Y,tragedy,B,-0.031316858
jerome,Y,divorce,B,0.10052308
jerome,Y,jail,B,0.10796633
jerome,Y,poverty,B,0.019469438
jerome,Y,ugly,B,0.02353776
jerome,Y,cancer,B,-0.04252368
jerome,Y,kill,B,0.045488473
jerome,Y,rotten,B,0.09772204
jerome,Y,vomit,B,0.041566454
jerome,Y,agony,B,0.023987342
jerome,Y,prison,B,0.07823337
leroy,Y,caress,A,0.11192807
leroy,Y,freedom,A,0.025758246
leroy,Y,health,A,-0.08972477
leroy,Y,love,A,0.21114938
leroy,Y,peace,A,0.027984945
leroy,Y,cheer,A,0.05957619
leroy,Y,friend,A,0.17011566
leroy,Y,heaven,A,0.2192555
leroy,Y,loyal,A,-0.04372318
leroy,Y,pleasure,A,0.07175581
leroy,Y,diamond,A,0.044364464
leroy,Y,gentle,A,0.06290239
leroy,Y,honest,A,0.10425442
leroy,Y,lucky,A,0.113731116
leroy,Y,rainbow,A,0.17090571
leroy,Y,diploma,A,0.056607947
leroy,Y,gift,A,0.07511752
leroy,Y,honor,A,0.014270074
leroy,Y,miracle,A,0.052039824
leroy,Y,sunrise,A,0.056481596
leroy,Y,family,A,0.043653
leroy,Y,happy,A,0.111002326
leroy,Y,laughter,A,0.07090878
leroy,Y,paradise,A,0.15041785
leroy,Y,vacation,A,-0.0007068176
leroy,Y,abuse,B,0.0028690048
leroy,Y,crash,B,-0.021372523
leroy,Y,filth,B,0.1395859
leroy,Y,murder,B,-0.010015866
leroy,Y,sickness,B,0.04033946
leroy,Y,accident,B,-0.027312214
leroy,Y,death,B,-0.0021744221
leroy,Y,grief,B,0.009220233
leroy,Y,poison,B,0.03675127
leroy,Y,stink,B,0.21749614
leroy,Y,assault,B,-0.09244126
leroy,Y,disaster,B,-0.056993995
leroy,Y,hatred,B,0.06371509
leroy,Y,pollute,B,0.042127784
leroy,Y,tragedy,B,-0.06646871
leroy,Y,divorce,B,0.043391798
leroy,Y,jail,B,0.040436376
leroy,Y,poverty,B,-0.010505164
leroy,Y,ugly,B,0.10037682
leroy,Y,cancer,B,-0.030593311
leroy,Y,kill,B,-0.010097656
leroy,Y,rotten,B,0.15284808
leroy,Y,vomit,B,0.18267305
leroy,Y,agony,B,0.07223919
leroy,Y,prison,B,-0.01828606
rasaan,Y,caress,A,0.12381564
rasaan,Y,freedom,A,-0.01233083
rasaan,Y,health,A,0.046383258
rasaan,Y,love,A,0.09993895
rasaan,Y,peace,A,0.06417387
rasaan,Y,cheer,A,0.060692042
rasaan,Y,friend,A,0.22636573
rasaan,Y,heaven,A,0.06018617
rasaan,Y,loyal,A,0.0030612058
rasaan,Y,pleasure,A,-0.024040101
rasaan,Y,diamond,A,0.069971725
rasaan,Y,gentle,A,0.15279426
rasaan,Y,honest,A,0.010631939
rasaan,Y,lucky,A,0.06831496
rasaan,Y,rainbow,A,0.122903466
rasaan,Y,diploma,A,0.1287321
rasaan,Y,gift,A,0.002826491
rasaan,Y,honor,A,0.05244246
rasaan,Y,miracle,A,0.05590094
rasaan,Y,sunrise,A,0.08267442
rasaan,Y,family,A,0.18226838
rasaan,Y,happy,A,0.10518455
rasaan,Y,laughter,A,0.1324454
rasaan,Y,paradise,A,0.017005898
rasaan,Y,vacation,A,-0.008578613
rasaan,Y,abuse,B,0.01965221
rasaan,Y,crash,B,0.13617939
rasaan,Y,filth,B,-0.0018219324
rasaan,Y,murder,B,0.17336324
rasaan,Y,sickness,B,0.07577021
rasaan,Y,accident,B,0.13287033
rasaan,Y,death,B,0.18703032
rasaan,Y,grief,B,0.13448565
rasaan,Y,poison,B,-0.0008078562
rasaan,Y,stink,B,0.04621828
rasaan,Y,assault,B,0.13515201
rasaan,Y,disaster,B,-0.0408406
rasaan,Y,hatred,B,0.039753266
rasaan,Y,pollute,B,-0.01193556
rasaan,Y,tragedy,B,0.082991004
rasaan,Y,divorce,B,0.07103165
rasaan,Y,jail,B,0.12768425
rasaan,Y,poverty,B,0.04011797
rasaan,Y,ugly,B,0.050730657
rasaan,Y,cancer,B,0.036180813
rasaan,Y,kill,B,0.09904551
rasaan,Y,rotten,B,-0.049517043
rasaan,Y,vomit,B,0.1415362
rasaan,Y,agony,B,0.07710356
rasaan,Y,prison,B,0.18746884
torrance,Y,caress,A,0.02107334
torrance,Y,freedom,A,-0.032691386
torrance,Y,health,A,0.019440511
torrance,Y,love,A,0.010222228
torrance,Y,peace,A,0.0061177723
torrance,Y,cheer,A,0.071075924
torrance,Y,friend,A,0.09372501
torrance,Y,heaven,A,0.004746471
torrance,Y,loyal,A,0.0034598538
torrance,Y,pleasure,A,0.013337179
torrance,Y,diamond,A,-0.036476217
torrance,Y,gentle,A,0.044839207
torrance,Y,honest,A,0.008663982
torrance,Y,lucky,A,0.05160088
torrance,Y,rainbow,A,0.11055766
torrance,Y,diploma,A,0.0237532
torrance,Y,gift,A,0.047757067
torrance,Y,honor,A,0.031794462
torrance,Y,miracle,A,0.061451364
torrance,Y,sunrise,A,-0.009915284
torrance,Y,family,A,0.07239748
torrance,Y,happy,A,0.030021511
torrance,Y,laughter,A,0.05527198
torrance,Y,paradise,A,0.06181335
torrance,Y,vacation,A,0.038674086
torrance,Y,abuse,B,0.023013538
torrance,Y,crash,B,0.028230768
torrance,Y,filth,B,-0.036275852
torrance,Y,murder,B,0.018723916
torrance,Y,sickness,B,0.058188077
torrance,Y,accident,B,0.035554867
torrance,Y,death,B,0.07991961
torrance,Y,grief,B,0.05671926
torrance,Y,poison,B,0.06802089
torrance,Y,stink,B,-0.009341749
torrance,Y,assault,B,0.00083816214
torrance,Y,disaster,B,0.029440237
torrance,Y,hatred,B,0.018070472
torrance,Y,pollute,B,-0.003852543
torrance,Y,tragedy,B,0.0051449034
torrance,Y,divorce,B,0.07416308
torrance,Y,jail,B,0.022633083
torrance,Y,poverty,B,-0.025616916
torrance,Y,ugly,B,0.002858294
torrance,Y,cancer,B,0.08346539
torrance,Y,kill,B,0.042525455
torrance,Y,rotten,B,-0.020317752
torrance,Y,vomit,B,-0.0020743397
torrance,Y,agony,B,0.021736067
torrance,Y,prison,B,0.031640764
darnell,Y,caress,A,0.049283575
darnell,Y,freedom,A,0.070157245
darnell,Y,health,A,-0.0060705827
darnell,Y,love,A,0.09067373
darnell,Y,peace,A,0.050249774
darnell,Y,cheer,A,0.063278444
darnell,Y,friend,A,0.11928241
darnell,Y,heaven,A,0.106418304
darnell,Y,loyal,A,0.043021303
darnell,Y,pleasure,A,0.048246518
darnell,Y,diamond,A,0.0038495902
darnell,Y,gentle,A,0.05349104
darnell,Y,honest,A,0.09059512
darnell,Y,lucky,A,0.118929975
darnell,Y,rainbow,A,0.11742841
darnell,Y,diploma,A,0.043577835
darnell,Y,gift,A,0.06627763
darnell,Y,honor,A,0.05398082
darnell,Y,miracle,A,0.04219722
darnell,Y,sunrise,A,-0.00025545002
darnell,Y,family,A,0.10507677
darnell,Y,happy,A,0.13826343
darnell,Y,laughter,A,0.08431964
darnell,Y,paradise,A,0.03939774
darnell,Y,vacation,A,0.011477454
darnell,Y,abuse,B,0.02793187
darnell,Y,crash,B,0.04264844
darnell,Y,filth,B,0.059249867
darnell,Y,murder,B,0.08718334
darnell,Y,sickness,B,0.040280398
darnell,Y,accident,B,0.035799474
darnell,Y,death,B,0.120330445
darnell,Y,grief,B,0.061805423
darnell,Y,poison,B,-0.0008396519
darnell,Y,stink,B,0.06775645
darnell,Y,assault,B,0.10653744
darnell,Y,disaster,B,0.010016593
darnell,Y,hatred,B,0.1271461
darnell,Y,pollute,B,-0.0020536582
darnell,Y,tragedy,B,-0.0012379492
darnell,Y,divorce,B,-0.009028432
darnell,Y,jail,B,0.14624903
darnell,Y,poverty,B,0.07642147
darnell,Y,ugly,B,0.10155793
darnell,Y,cancer,B,0.040769756
darnell,Y,kill,B,0.1099731
darnell,Y,rotten,B,0.031641863
darnell,Y,vomit,B,0.11114603
darnell,Y,agony,B,0.08093855
darnell,Y,prison,B,0.13785458
lamar,Y,caress,A,0.20104632
lamar,Y,freedom,A,0.012851562
lamar,Y,health,A,0.0007241496
lamar,Y,love,A,0.2302963
lamar,Y,peace,A,0.009139496
lamar,Y,cheer,A,0.12273629
lamar,Y,friend,A,0.16420427
lamar,Y,heaven,A,0.20753568
lamar,Y,loyal,A,-0.049476873
lamar,Y,pleasure,A,0.028288256
lamar,Y,diamond,A,0.06974924
lamar,Y,gentle,A,0.060212158
lamar,Y,honest,A,0.13154002
lamar,Y,lucky,A,0.20104606
lamar,Y,rainbow,A,0.17706905
lamar,Y,diploma,A,0.09230202
lamar,Y,gift,A,0.07259783
lamar,Y,honor,A,-0.043246206
lamar,Y,miracle,A,0.13374636
lamar,Y,sunrise,A,0.03913955
lamar,Y,family,A,0.04999397
lamar,Y,happy,A,0.1561824
lamar,Y,laughter,A,0.090218656
lamar,Y,paradise,A,0.12342728
lamar,Y,vacation,A,0.048367124
lamar,Y,abuse,B,-0.03158501
lamar,Y,crash,B,-0.008158353
lamar,Y,filth,B,0.0754301
lamar,Y,murder,B,-0.020914417
lamar,Y,sickness,B,0.11090774
lamar,Y,accident,B,0.0061875754
lamar,Y,death,B,-0.024156973
lamar,Y,grief,B,0.00820671
lamar,Y,poison,B,0.04390378
lamar,Y,stink,B,0.17285502
lamar,Y,assault,B,-0.025754545
lamar,Y,disaster,B,0.01724059
lamar,Y,hatred,B,0.06835608
lamar,Y,pollute,B,0.052843835
lamar,Y,tragedy,B,-0.03098757
lamar,Y,divorce,B,0.10124073
lamar,Y,jail,B,0.08049565
lamar,Y,poverty,B,-0.007341783
lamar,Y,ugly,B,0.21668808
lamar,Y,cancer,B,-0.055293657
lamar,Y,kill,B,0.12370852
lamar,Y,rotten,B,0.16358873
lamar,Y,vomit,B,0.16881102
lamar,Y,agony,B,0.041813277
lamar,Y,prison,B,0.06253934
lionel,Y,caress,A,0.19937733
lionel,Y,freedom,A,0.004401268
lionel,Y,health,A,0.02330015
lionel,Y,love,A,0.14535864
lionel,Y,peace,A,-0.017057266
lionel,Y,cheer,A,0.027847635
lionel,Y,friend,A,0.13624631
lionel,Y,heaven,A,0.11293639
lionel,Y,loyal,A,-0.035198472
lionel,Y,pleasure,A,0.043504965
lionel,Y,diamond,A,0.096570924
lionel,Y,gentle,A,0.0663937
lionel,Y,honest,A,0.024609996
lionel,Y,lucky,A,0.16971913
lionel,Y,rainbow,A,0.053682733
lionel,Y,diploma,A,0.06653667
lionel,Y,gift,A,0.13242665
lionel,Y,honor,A,0.0014922644
lionel,Y,miracle,A,0.06605363
lionel,Y,sunrise,A,0.04432343
lionel,Y,family,A,0.006971875
lionel,Y,happy,A,0.03441085
lionel,Y,laughter,A,0.0048787026
lionel,Y,paradise,A,0.16093178
lionel,Y,vacation,A,0.15267819
lionel,Y,abuse,B,-0.0063436255
lionel,Y,crash,B,0.02026536
lionel,Y,filth,B,0.117479764
lionel,Y,murder,B,-0.008629114
lionel,Y,sickness,B,0.0852197
lionel,Y,accident,B,0.089446984
lionel,Y,death,B,-0.032667313
lionel,Y,grief,B,-0.050060052
lionel,Y,poison,B,0.039587796
lionel,Y,stink,B,0.14809689
lionel,Y,assault,B,-0.007806903
lionel,Y,disaster,B,0.010584372
lionel,Y,hatred,B,-0.008036916
lionel,Y,pollute,B,0.14478989
lionel,Y,tragedy,B,0.01103146
lionel,Y,divorce,B,0.042333
lionel,Y,jail,B,-0.0636117
lionel,Y,poverty,B,-0.04162621
lionel,Y,ugly,B,0.11585301
lionel,Y,cancer,B,0.0030138283
lionel,Y,kill,B,0.057347484
lionel,Y,rotten,B,0.14086841
lionel,Y,vomit,B,0.09630396
lionel,Y,agony,B,-0.026349295
lionel,Y,prison,B,-0.08400228
rashaun,Y,caress,A,0.16036387
rashaun,Y,freedom,A,0.08276667
rashaun,Y,health,A,-0.0447056
rashaun,Y,love,A,0.07789345
rashaun,Y,peace,A,0.07799656
rashaun,Y,cheer,A,0.05330779
rashaun,Y,friend,A,0.10393406
rashaun,Y,heaven,A,0.09142498
rashaun,Y,loyal,A,-0.043918945
rashaun,Y,pleasure,A,0.0399588
rashaun,Y,diamond,A,0.06295041
rashaun,Y,gentle,A,0.06990092
rashaun,Y,honest,A,0.06756981
rashaun,Y,lucky,A,0.03288856
rashaun,Y,rainbow,A,0.030114358
rashaun,Y,diploma,A,0.09950156
rashaun,Y,gift,A,0.022229519
rashaun,Y,honor,A,0.025127895
rashaun,Y,miracle,A,0.08191236
rashaun,Y,sunrise,A,0.11197394
rashaun,Y,family,A,0.107193634
rashaun,Y,happy,A,0.048148002
rashaun,Y,laughter,A,0.07986088
rashaun,Y,paradise,A,0.059186593
rashaun,Y,vacation,A,0.039185554
rashaun,Y,abuse,B,0.06289568
rashaun,Y,crash,B,0.064641476
rashaun,Y,filth,B,0.04606415
rashaun,Y,murder,B,0.1642309
rashaun,Y,sickness,B,-0.021210395
rashaun,Y,accident,B,0.08850363
rashaun,Y,death,B,0.12799208
rashaun,Y,grief,B,0.10019569
rashaun,Y,poison,B,-0.026305234
rashaun,Y,stink,B,0.025075616
rashaun,Y,assault,B,0.20052092
rashaun,Y,disaster,B,-0.048775148
rashaun,Y,hatred,B,0.011386825
rashaun,Y,pollute,B,0.01025629
rashaun,Y,tragedy,B,0.08252658
rashaun,Y,divorce,B,-0.0358468
rashaun,Y,jail,B,0.15289274
rashaun,Y,poverty,B,0.14449556
rashaun,Y,ugly,B,0.024993796
rashaun,Y,cancer,B,-0.0007381327
rashaun,Y,kill,B,0.051443364
rashaun,Y,rotten,B,-0.058535695
rashaun,Y,vomit,B,0.035848215
rashaun,Y,agony,B,0.09615422
rashaun,Y,prison,B,0.12602454
deion,Y,caress,A,0.11750952
deion,Y,freedom,A,0.07492132
deion,Y,health,A,-0.03285733
deion,Y,love,A,0.19431327
deion,Y,peace,A,0.06112823
deion,Y,cheer,A,0.12770525
deion,Y,friend,A,0.20908132
deion,Y,heaven,A,0.1486085
deion,Y,loyal,A,-0.03877282
deion,Y,pleasure,A,0.13110706
deion,Y,diamond,A,0.12238451
deion,Y,gentle,A,0.034070928
deion,Y,honest,A,0.1218992
deion,Y,lucky,A,0.10270831
deion,Y,rainbow,A,0.14330196
deion,Y,diploma,A,0.097668864
deion,Y,gift,A,0.08835237
deion,Y,honor,A,0.11241796
deion,Y,miracle,A,0.059363037
deion,Y,sunrise,A,0.054885857
deion,Y,family,A,0.14872769
deion,Y,happy,A,0.12717187
deion,Y,laughter,A,0.09046816
deion,Y,paradise,A,0.08616314
deion,Y,vacation,A,0.10162275
deion,Y,abuse,B,0.054177165
deion,Y,crash,B,0.00037658887
deion,Y,filth,B,0.04959671
deion,Y,murder,B,0.17913109
deion,Y,sickness,B,0.05453458
deion,Y,accident,B,0.08219281
deion,Y,death,B,0.10590465
deion,Y,grief,B,0.11779273
deion,Y,poison,B,0.0106965285
deion,Y,stink,B,0.17125215
deion,Y,assault,B,0.08231708
deion,Y,disaster,B,0.0035902688
deion,Y,hatred,B,0.07491527
deion,Y,pollute,B,0.018636072
deion,Y,tragedy,B,0.0900507
deion,Y,divorce,B,0.08449249
deion,Y,jail,B,0.1299763
deion,Y,poverty,B,0.10563421
deion,Y,ugly,B,0.088444255
deion,Y,cancer,B,0.028556842
deion,Y,kill,B,0.093976706
deion,Y,rotten,B,0.059474945
deion,Y,vomit,B,0.113766246
deion,Y,agony,B,0.065614365
deion,Y,prison,B,0.09675567
lamont,Y,caress,A,0.0053764847
lamont,Y,freedom,A,0.06939852
lamont,Y,health,A,-0.040085927
lamont,Y,love,A,0.045346256
lamont,Y,peace,A,0.04972815
lamont,Y,cheer,A,0.034777455
lamont,Y,friend,A,0.14814883
lamont,Y,heaven,A,0.02850083
lamont,Y,loyal,A,0.047910664
lamont,Y,pleasure,A,-0.0030549504
lamont,Y,diamond,A,-0.014722438
lamont,Y,gentle,A,0.062697284
lamont,Y,honest,A,0.10437364
lamont,Y,lucky,A,0.009124807
lamont,Y,rainbow,A,0.009507098
lamont,Y,diploma,A,0.046065688
lamont,Y,gift,A,0.04798225
lamont,Y,honor,A,0.008631151
lamont,Y,miracle,A,-0.039470553
lamont,Y,sunrise,A,0.01693963
lamont,Y,family,A,0.046445318
lamont,Y,happy,A,0.0361872
lamont,Y,laughter,A,0.040173553
lamont,Y,paradise,A,0.033361692
lamont,Y,vacation,A,0.03923201
lamont,Y,abuse,B,0.006774306
lamont,Y,crash,B,0.03473777
lamont,Y,filth,B,-0.0059543536
lamont,Y,murder,B,0.18732011
lamont,Y,sickness,B,0.009896322
lamont,Y,accident,B,0.017099245
lamont,Y,death,B,0.11465375
lamont,Y,grief,B,0.07947096
lamont,Y,poison,B,0.07211568
lamont,Y,stink,B,0.07469413
lamont,Y,assault,B,0.16757287
lamont,Y,disaster,B,-0.042330235
lamont,Y,hatred,B,0.09018743
lamont,Y,pollute,B,0.009764696
lamont,Y,tragedy,B,0.054536056
lamont,Y,divorce,B,0.07263617
lamont,Y,jail,B,0.09870397
lamont,Y,poverty,B,0.05326444
lamont,Y,ugly,B,0.01965109
lamont,Y,cancer,B,0.10865909
lamont,Y,kill,B,0.03598428
lamont,Y,rotten,B,0.028146543
lamont,Y,vomit,B,0.056155734
lamont,Y,agony,B,0.02158177
lamont,Y,prison,B,0.14451426
malik,Y,caress,A,0.16566472
malik,Y,freedom,A,0.14226334
malik,Y,health,A,0.07237513
malik,Y,love,A,0.11991568
malik,Y,peace,A,0.1281105
malik,Y,cheer,A,0.05692553
malik,Y,friend,A,0.1780647
malik,Y,heaven,A,0.09908704
malik,Y,loyal,A,0.10489308
malik,Y,pleasure,A,0.074040495
malik,Y,diamond,A,0.024823923
malik,Y,gentle,A,0.0975822
malik,Y,honest,A,0.16017312
malik,Y,lucky,A,0.059519712
malik,Y,rainbow,A,0.037980508
malik,Y,diploma,A,0.01234966
malik,Y,gift,A,0.0018791154
malik,Y,honor,A,0.008504615
malik,Y,miracle,A,0.0630228
malik,Y,sunrise,A,0.1040359
malik,Y,family,A,0.113404974
malik,Y,happy,A,0.10758814
malik,Y,laughter,A,0.045946073
malik,Y,paradise,A,0.10743432
malik,Y,vacation,A,0.038465355
malik,Y,abuse,B,0.047651056
malik,Y,crash,B,-0.028030986
malik,Y,filth,B,0.13306306
malik,Y,murder,B,0.11300197
malik,Y,sickness,B,0.084884234
malik,Y,accident,B,0.0050103585
malik,Y,death,B,0.03126981
malik,Y,grief,B,0.083133444
malik,Y,poison,B,0.07890241
malik,Y,stink,B,0.10009414
malik,Y,assault,B,0.09958883
malik,Y,disaster,B,0.0049029468
malik,Y,hatred,B,0.1555139
malik,Y,pollute,B,0.12690188
malik,Y,tragedy,B,0.014267505
malik,Y,divorce,B,0.106661856
malik,Y,jail,B,0.11263548
malik,Y,poverty,B,0.07376368
malik,Y,ugly,B,0.078153834
malik,Y,cancer,B,-0.0073501593
malik,Y,kill,B,0.09591595
malik,Y,rotten,B,0.10746739
malik,Y,vomit,B,0.04407067
malik,Y,agony,B,0.05991228
malik,Y,prison,B,0.025108147
terrence,Y,caress,A,0.017175429
terrence,Y,freedom,A,0.048712026
terrence,Y,health,A,0.03814631
terrence,Y,love,A,0.015194076
terrence,Y,peace,A,0.07901122
terrence,Y,cheer,A,0.014246115
terrence,Y,friend,A,0.07973838
terrence,Y,heaven,A,0.030904084
terrence,Y,loyal,A,-0.021458989
terrence,Y,pleasure,A,0.0316541
terrence,Y,diamond,A,-0.031517036
terrence,Y,gentle,A,0.024108894
terrence,Y,honest,A,0.048811685
terrence,Y,lucky,A,0.07219139
terrence,Y,rainbow,A,0.07669713
terrence,Y,diploma,A,0.07446887
terrence,Y,gift,A,0.06499394
terrence,Y,honor,A,0.027254822
terrence,Y,miracle,A,-0.0011180389
terrence,Y,sunrise,A,-0.018454954
terrence,Y,family,A,0.045033585
terrence,Y,happy,A,0.036101893
terrence,Y,laughter,A,0.017572291
terrence,Y,paradise,A,-0.0016761427
terrence,Y,vacation,A,0.06380241
terrence,Y,abuse,B,0.05517458
terrence,Y,crash,B,0.040069625
terrence,Y,filth,B,0.0044817803
terrence,Y,murder,B,0.09400357
terrence,Y,sickness,B,0.0479233
terrence,Y,accident,B,0.027040513
terrence,Y,death,B,0.07634614
terrence,Y,grief,B,0.057068523
terrence,Y,poison,B,0.0003439097
terrence,Y,stink,B,0.07869301
terrence,Y,assault,B,0.075883485
terrence,Y,disaster,B,-0.03782216
terrence,Y,hatred,B,0.06181483
terrence,Y,pollute,B,0.06075457
terrence,Y,tragedy,B,0.074002504
terrence,Y,divorce,B,0.0119889695
terrence,Y,jail,B,0.10024862
terrence,Y,poverty,B,0.053270157
terrence,Y,ugly,B,0.070497245
terrence,Y,cancer,B,0.07753386
terrence,Y,kill,B,0.072999574
terrence,Y,rotten,B,0.037066367
terrence,Y,vomit,B,0.018299896
terrence,Y,agony,B,0.065314375
terrence,Y,prison,B,0.07748819
tyrone,Y,caress,A,0.008943688
tyrone,Y,freedom,A,0.023952335
tyrone,Y,health,A,0.01898246
tyrone,Y,love,A,0.016170653
tyrone,Y,peace,A,0.12616265
tyrone,Y,cheer,A,0.055194136
tyrone,Y,friend,A,0.061717495
tyrone,Y,heaven,A,0.03780208
tyrone,Y,loyal,A,0.020893909
tyrone,Y,pleasure,A,0.009594815
tyrone,Y,diamond,A,0.016686553
tyrone,Y,gentle,A,0.11541822
tyrone,Y,honest,A,0.09614479
tyrone,Y,lucky,A,0.08954794
tyrone,Y,rainbow,A,0.13137496
tyrone,Y,diploma,A,0.021275228
tyrone,Y,gift,A,0.008916642
tyrone,Y,honor,A,0.07676708
tyrone,Y,miracle,A,-0.0076104873
tyrone,Y,sunrise,A,-0.012386903
tyrone,Y,family,A,0.07567304
tyrone,Y,happy,A,0.06684695
tyrone,Y,laughter,A,0.04903124
tyrone,Y,paradise,A,0.030545224
tyrone,Y,vacation,A,-0.02250397
tyrone,Y,abuse,B,0.12179542
tyrone,Y,crash,B,0.09986902
tyrone,Y,filth,B,0.063898355
tyrone,Y,murder,B,0.18215199
tyrone,Y,sickness,B,0.021029297
tyrone,Y,accident,B,0.1190218
tyrone,Y,death,B,0.14466001
tyrone,Y,grief,B,0.1349035
tyrone,Y,poison,B,0.012277506
tyrone,Y,stink,B,0.08335256
tyrone,Y,assault,B,0.16750677
tyrone,Y,disaster,B,0.03522121
tyrone,Y,hatred,B,0.04744316
tyrone,Y,pollute,B,-0.062366746
tyrone,Y,tragedy,B,0.1557221
tyrone,Y,divorce,B,0.0025970289
tyrone,Y,jail,B,0.07600022
tyrone,Y,poverty,B,0.123433135
tyrone,Y,ugly,B,0.11910476
tyrone,Y,cancer,B,0.05185217
tyrone,Y,kill,B,0.050724067
tyrone,Y,rotten,B,0.012603205
tyrone,Y,vomit,B,0.048936974
tyrone,Y,agony,B,0.08905622
tyrone,Y,prison,B,0.08883019
lavon,Y,caress,A,0.10916039
lavon,Y,freedom,A,0.07672032
lavon,Y,health,A,0.015637819
lavon,Y,love,A,0.04230908
lavon,Y,peace,A,0.09026284
lavon,Y,cheer,A,0.0034368234
lavon,Y,friend,A,0.14278306
lavon,Y,heaven,A,0.04574155
lavon,Y,loyal,A,-0.023346795
lavon,Y,pleasure,A,0.09972939
lavon,Y,diamond,A,0.04634666
lavon,Y,gentle,A,0.08300419
lavon,Y,honest,A,0.076411985
lavon,Y,lucky,A,0.040299397
lavon,Y,rainbow,A,0.12065158
lavon,Y,diploma,A,0.07275759
lavon,Y,gift,A,0.05510109
lavon,Y,honor,A,0.07855351
lavon,Y,miracle,A,0.045805026
lavon,Y,sunrise,A,0.12027815
lavon,Y,family,A,0.15004618
lavon,Y,happy,A,0.020987352
lavon,Y,laughter,A,0.012968337
lavon,Y,paradise,A,0.07778337
lavon,Y,vacation,A,0.02732371
lavon,Y,abuse,B,0.007865575
lavon,Y,crash,B,0.056527033
lavon,Y,filth,B,0.103849046
lavon,Y,murder,B,0.18079582
lavon,Y,sickness,B,-0.0008922048
lavon,Y,accident,B,0.09559003
lavon,Y,death,B,0.12611781
lavon,Y,grief,B,0.05342451
lavon,Y,poison,B,0.13063048
lavon,Y,stink,B,0.058733433
lavon,Y,assault,B,0.17090817
lavon,Y,disaster,B,-0.032357253
lavon,Y,hatred,B,0.03282254
lavon,Y,pollute,B,0.09379751
lavon,Y,tragedy,B,0.043286577
lavon,Y,divorce,B,0.029719662
lavon,Y,jail,B,0.12251487
lavon,Y,poverty,B,0.042231083
lavon,Y,ugly,B,0.038684595
lavon,Y,cancer,B,0.038956724
lavon,Y,kill,B,0.106282614
lavon,Y,rotten,B,0.023557968
lavon,Y,vomit,B,0.06176288
lavon,Y,agony,B,-0.035437502
lavon,Y,prison,B,0.10034237
marcellus,Y,caress,A,0.026221143
marcellus,Y,freedom,A,-0.0115618585
marcellus,Y,health,A,0.0027093252
marcellus,Y,love,A,0.01729582
marcellus,Y,peace,A,0.019207457
marcellus,Y,cheer,A,0.054732405
marcellus,Y,friend,A,-0.018680561
marcellus,Y,heaven,A,-0.02035148
marcellus,Y,loyal,A,0.020723162
marcellus,Y,pleasure,A,0.053269185
marcellus,Y,diamond,A,0.19864
marcellus,Y,gentle,A,-0.00041788476
marcellus,Y,honest,A,-0.02661473
marcellus,Y,lucky,A,-0.024834627
marcellus,Y,rainbow,A,-0.026925733
marcellus,Y,diploma,A,0.01825688
marcellus,Y,gift,A,0.020405762
marcellus,Y,honor,A,0.017941654
marcellus,Y,miracle,A,0.046508227
marcellus,Y,sunrise,A,0.055881124
marcellus,Y,family,A,-0.010133299
marcellus,Y,happy,A,-0.011209545
marcellus,Y,laughter,A,0.034052223
marcellus,Y,paradise,A,-0.11018505
marcellus,Y,vacation,A,0.030347684
marcellus,Y,abuse,B,0.098334424
marcellus,Y,crash,B,0.0050741383
marcellus,Y,filth,B,0.048213147
marcellus,Y,murder,B,0.077408314
marcellus,Y,sickness,B,-0.05313142
marcellus,Y,accident,B,0.025560629
marcellus,Y,death,B,0.06923783
marcellus,Y,grief,B,0.07565599
marcellus,Y,poison,B,0.062881105
marcellus,Y,stink,B,-0.0077918335
marcellus,Y,assault,B,0.055379484
marcellus,Y,disaster,B,0.058194596
marcellus,Y,hatred,B,0.06462548
marcellus,Y,pollute,B,0.16713265
marcellus,Y,tragedy,B,0.057256885
marcellus,Y,divorce,B,0.09211571
marcellus,Y,jail,B,0.022077676
marcellus,Y,poverty,B,0.09841985
marcellus,Y,ugly,B,0.0013231958
marcellus,Y,cancer,B,0.053069115
marcellus,Y,kill,B,0.082207054
marcellus,Y,rotten,B,0.014545387
marcellus,Y,vomit,B,0.015879842
marcellus,Y,agony,B,0.035996884
marcellus,Y,prison,B,0.010838695
terryl,Y,caress,A,0.02047293
terryl,Y,freedom,A,-0.040242046
terryl,Y,health,A,0.070355296
terryl,Y,love,A,0.08019693
terryl,Y,peace,A,0.03357492
terryl,Y,cheer,A,0.00066613016
terryl,Y,friend,A,0.16484332
terryl,Y,heaven,A,0.010113973
terryl,Y,loyal,A,-0.006037269
terryl,Y,pleasure,A,0.030358426
terryl,Y,diamond,A,0.00834343
terryl,Y,gentle,A,0.069994256
terryl,Y,honest,A,0.13507812
terryl,Y,lucky,A,0.069442004
terryl,Y,rainbow,A,0.10719025
terryl,Y,diploma,A,0.060443383
terryl,Y,gift,A,0.052716367
terryl,Y,honor,A,0.12963071
terryl,Y,miracle,A,-0.007948653
terryl,Y,sunrise,A,0.080906376
terryl,Y,family,A,0.11732139
terryl,Y,happy,A,0.024828156
terryl,Y,laughter,A,0.042017758
terryl,Y,paradise,A,0.025447933
terryl,Y,vacation,A,-0.029224614
terryl,Y,abuse,B,0.15356149
terryl,Y,crash,B,0.08558575
terryl,Y,filth,B,0.10364726
terryl,Y,murder,B,0.09540579
terryl,Y,sickness,B,0.010112191
terryl,Y,accident,B,0.066678144
terryl,Y,death,B,0.08380019
terryl,Y,grief,B,0.07046243
terryl,Y,poison,B,-0.046392206
terryl,Y,stink,B,0.022686617
terryl,Y,assault,B,0.09361621
terryl,Y,disaster,B,-0.033458248
terryl,Y,hatred,B,0.0412568
terryl,Y,pollute,B,-0.030493947
terryl,Y,tragedy,B,0.06242862
terryl,Y,divorce,B,0.01498719
terryl,Y,jail,B,0.08785003
terryl,Y,poverty,B,0.07609121
terryl,Y,ugly,B,0.097017124
terryl,Y,cancer,B,0.015932666
terryl,Y,kill,B,0.05714904
terryl,Y,rotten,B,-0.022446947
terryl,Y,vomit,B,0.047550187
terryl,Y,agony,B,0.032163497
terryl,Y,prison,B,0.13122249
wardell,Y,caress,A,-0.048730433
wardell,Y,freedom,A,0.094565764
wardell,Y,health,A,0.02726376
wardell,Y,love,A,0.06874235
wardell,Y,peace,A,-0.004023723
wardell,Y,cheer,A,-0.0058583845
wardell,Y,friend,A,0.04127026
wardell,Y,heaven,A,0.06607561
wardell,Y,loyal,A,0.028309643
wardell,Y,pleasure,A,0.008129898
wardell,Y,diamond,A,0.024276553
wardell,Y,gentle,A,0.007344217
wardell,Y,honest,A,0.13277845
wardell,Y,lucky,A,0.04950264
wardell,Y,rainbow,A,0.081493035
wardell,Y,diploma,A,0.10357139
wardell,Y,gift,A,-0.025307702
wardell,Y,honor,A,0.032013576
wardell,Y,miracle,A,-0.026405191
wardell,Y,sunrise,A,-0.017322091
wardell,Y,family,A,0.044597745
wardell,Y,happy,A,0.092333846
wardell,Y,laughter,A,-0.042689394
wardell,Y,paradise,A,0.065366425
wardell,Y,vacation,A,-0.019324785
wardell,Y,abuse,B,0.050743286
wardell,Y,crash,B,0.056632545
wardell,Y,filth,B,0.027428491
wardell,Y,murder,B,0.04767255
wardell,Y,sickness,B,0.046538193
wardell,Y,accident,B,0.046970606
wardell,Y,death,B,0.040205777
wardell,Y,grief,B,0.06992449
wardell,Y,poison,B,0.047132526
wardell,Y,stink,B,-0.006673509
wardell,Y,assault,B,0.06359806
wardell,Y,disaster,B,0.0045628953
wardell,Y,hatred,B,0.004199898
wardell,Y,pollute,B,-0.004236022
wardell,Y,tragedy,B,0.023309967
wardell,Y,divorce,B,0.034493867
wardell,Y,jail,B,0.030803267
wardell,Y,poverty,B,0.075505815
wardell,Y,ugly,B,0.010482543
wardell,Y,cancer,B,-0.0055380156
wardell,Y,kill,B,0.0629605
wardell,Y,rotten,B,0.0026450376
wardell,Y,vomit,B,0.014337059
wardell,Y,agony,B,0.10032749
wardell,Y,prison,B,-0.0027147983
aiesha,Y,caress,A,0.17839417
aiesha,Y,freedom,A,0.11107014
aiesha,Y,health,A,-0.06263828
aiesha,Y,love,A,0.15878233
aiesha,Y,peace,A,0.11508226
aiesha,Y,cheer,A,0.088024184
aiesha,Y,friend,A,0.18630613
aiesha,Y,heaven,A,0.15444408
aiesha,Y,loyal,A,0.052305266
aiesha,Y,pleasure,A,0.012713999
aiesha,Y,diamond,A,0.023371361
aiesha,Y,gentle,A,0.12971844
aiesha,Y,honest,A,0.021021668
aiesha,Y,lucky,A,0.09191896
aiesha,Y,rainbow,A,0.1752577
aiesha,Y,diploma,A,0.121932864
aiesha,Y,gift,A,0.124587126
aiesha,Y,honor,A,0.12605914
aiesha,Y,miracle,A,0.07436758
aiesha,Y,sunrise,A,0.09363702
aiesha,Y,family,A,0.11779449
aiesha,Y,happy,A,0.12073755
aiesha,Y,laughter,A,0.11267144
aiesha,Y,paradise,A,0.054022085
aiesha,Y,vacation,A,-0.025106639
aiesha,Y,abuse,B,0.035823513
aiesha,Y,crash,B,0.0367715
aiesha,Y,filth,B,0.04594328
aiesha,Y,murder,B,0.2172371
aiesha,Y,sickness,B,-0.028808894
aiesha,Y,accident,B,0.034344442
aiesha,Y,death,B,0.16679421
aiesha,Y,grief,B,0.16364266
aiesha,Y,poison,B,0.00882812
aiesha,Y,stink,B,-0.03028563
aiesha,Y,assault,B,0.17437561
aiesha,Y,disaster,B,-0.036335353
aiesha,Y,hatred,B,0.15361248
aiesha,Y,pollute,B,-0.039436072
aiesha,Y,tragedy,B,0.14145236
aiesha,Y,divorce,B,-0.015597705
aiesha,Y,jail,B,0.19261487
aiesha,Y,poverty,B,0.13872695
aiesha,Y,ugly,B,-0.009922146
aiesha,Y,cancer,B,0.054534473
aiesha,Y,kill,B,0.16211687
aiesha,Y,rotten,B,-0.065771274
aiesha,Y,vomit,B,0.09014102
aiesha,Y,agony,B,0.16437502
aiesha,Y,prison,B,0.19896992
lashelle,Y,caress,A,0.13818412
lashelle,Y,freedom,A,0.01991631
lashelle,Y,health,A,0.025287095
lashelle,Y,love,A,0.17841291
lashelle,Y,peace,A,0.06672543
lashelle,Y,cheer,A,0.03261599
lashelle,Y,friend,A,0.31784236
lashelle,Y,heaven,A,0.10848734
lashelle,Y,loyal,A,0.06918756
lashelle,Y,pleasure,A,0.059111223
lashelle,Y,diamond,A,0.025903884
lashelle,Y,gentle,A,0.10566841
lashelle,Y,honest,A,0.043558914
lashelle,Y,lucky,A,0.14653279
lashelle,Y,rainbow,A,0.03285063
lashelle,Y,diploma,A,0.15605286
lashelle,Y,gift,A,0.09391209
lashelle,Y,honor,A,0.13072793
lashelle,Y,miracle,A,0.10192291
lashelle,Y,sunrise,A,0.11017318
lashelle,Y,family,A,0.21229511
lashelle,Y,happy,A,0.12144279
lashelle,Y,laughter,A,0.068720385
lashelle,Y,paradise,A,0.0014801852
lashelle,Y,vacation,A,0.08176816
lashelle,Y,abuse,B,0.06870357
lashelle,Y,crash,B,0.14589208
lashelle,Y,filth,B,-0.010774306
lashelle,Y,murder,B,0.20212458
lashelle,Y,sickness,B,0.026360808
lashelle,Y,accident,B,0.16363326
lashelle,Y,death,B,0.17051618
lashelle,Y,grief,B,0.16418757
lashelle,Y,poison,B,0.025605062
lashelle,Y,stink,B,0.021020206
lashelle,Y,assault,B,0.179263
lashelle,Y,disaster,B,-0.020814488
lashelle,Y,hatred,B,0.08537445
lashelle,Y,pollute,B,-0.0076068062
lashelle,Y,tragedy,B,0.13024993
lashelle,Y,divorce,B,0.13967511
lashelle,Y,jail,B,0.19760223
lashelle,Y,poverty,B,0.043126862
lashelle,Y,ugly,B,0.03353941
lashelle,Y,cancer,B,0.1106068
lashelle,Y,kill,B,0.16015929
lashelle,Y,rotten,B,-0.026254373
lashelle,Y,vomit,B,0.10561491
lashelle,Y,agony,B,0.10165352
lashelle,Y,prison,B,0.16447866
nichelle,Y,caress,A,0.16457064
nichelle,Y,freedom,A,0.08253676
nichelle,Y,health,A,0.0054529817
nichelle,Y,love,A,0.18026695
nichelle,Y,peace,A,0.14015245
nichelle,Y,cheer,A,0.08406979
nichelle,Y,friend,A,0.18767951
nichelle,Y,heaven,A,0.14303078
nichelle,Y,loyal,A,0.042470902
nichelle,Y,pleasure,A,0.016738523
nichelle,Y,diamond,A,-0.024105655
nichelle,Y,gentle,A,0.09339729
nichelle,Y,honest,A,0.089367
nichelle,Y,lucky,A,0.13758685
nichelle,Y,rainbow,A,0.12733969
nichelle,Y,diploma,A,0.16417442
nichelle,Y,gift,A,0.11232374
nichelle,Y,honor,A,0.11100901
nichelle,Y,miracle,A,0.07451849
nichelle,Y,sunrise,A,0.019889912
nichelle,Y,family,A,0.16196728
nichelle,Y,happy,A,0.11440525
nichelle,Y,laughter,A,-0.005769977
nichelle,Y,paradise,A,0.040699657
nichelle,Y,vacation,A,0.05814018
nichelle,Y,abuse,B,0.065301955
nichelle,Y,crash,B,0.05469574
nichelle,Y,filth,B,0.086828165
nichelle,Y,murder,B,0.16720223
nichelle,Y,sickness,B,0.03133771
nichelle,Y,accident,B,0.0658284
nichelle,Y,death,B,0.090936676
nichelle,Y,grief,B,0.07307242
nichelle,Y,poison,B,0.011731422
nichelle,Y,stink,B,0.048820388
nichelle,Y,assault,B,0.14982127
nichelle,Y,disaster,B,-0.02299923
nichelle,Y,hatred,B,0.043776624
nichelle,Y,pollute,B,0.020890847
nichelle,Y,tragedy,B,0.08812478
nichelle,Y,divorce,B,0.019927409
nichelle,Y,jail,B,0.13009222
nichelle,Y,poverty,B,0.1092011
nichelle,Y,ugly,B,0.08447439
nichelle,Y,cancer,B,0.0034157664
nichelle,Y,kill,B,0.13617669
nichelle,Y,rotten,B,0.059102073
nichelle,Y,vomit,B,0.070193715
nichelle,Y,agony,B,-0.006004365
nichelle,Y,prison,B,0.11695616
shereen,Y,caress,A,-0.02165174
shereen,Y,freedom,A,0.08827175
shereen,Y,health,A,0.11619574
shereen,Y,love,A,0.008340208
shereen,Y,peace,A,0.06607142
shereen,Y,cheer,A,-0.009985429
shereen,Y,friend,A,0.1549259
shereen,Y,heaven,A,-0.018484822
shereen,Y,loyal,A,0.06547089
shereen,Y,pleasure,A,0.010692748
shereen,Y,diamond,A,0.06351883
shereen,Y,gentle,A,0.10242417
shereen,Y,honest,A,0.07034708
shereen,Y,lucky,A,0.07553281
shereen,Y,rainbow,A,-0.05143809
shereen,Y,diploma,A,0.1056815
shereen,Y,gift,A,0.04025473
shereen,Y,honor,A,0.05291005
shereen,Y,miracle,A,-0.0618548
shereen,Y,sunrise,A,-0.047245424
shereen,Y,family,A,0.17767282
shereen,Y,happy,A,0.14818598
shereen,Y,laughter,A,0.056630485
shereen,Y,paradise,A,0.07018364
shereen,Y,vacation,A,0.040567853
shereen,Y,abuse,B,-0.021858193
shereen,Y,crash,B,0.008884901
shereen,Y,filth,B,0.002547813
shereen,Y,murder,B,0.0933766
shereen,Y,sickness,B,0.057012923
shereen,Y,accident,B,0.036803834
shereen,Y,death,B,0.08646732
shereen,Y,grief,B,0.067792706
shereen,Y,poison,B,0.014724158
shereen,Y,stink,B,-0.021931048
shereen,Y,assault,B,0.08238416
shereen,Y,disaster,B,-0.012668833
shereen,Y,hatred,B,0.08183458
shereen,Y,pollute,B,-0.03287501
shereen,Y,tragedy,B,0.04170461
shereen,Y,divorce,B,0.10103115
shereen,Y,jail,B,0.052359737
shereen,Y,poverty,B,0.12674175
shereen,Y,ugly,B,0.035415646
shereen,Y,cancer,B,0.10671702
shereen,Y,kill,B,0.02908586
shereen,Y,rotten,B,-0.0038947905
shereen,Y,vomit,B,0.01599321
shereen,Y,agony,B,0.06511124
shereen,Y,prison,B,0.023082022
temeka,Y,caress,A,0.13877349
temeka,Y,freedom,A,0.07052155
temeka,Y,health,A,0.029776432
temeka,Y,love,A,0.1859483
temeka,Y,peace,A,0.040426515
temeka,Y,cheer,A,0.1647284
temeka,Y,friend,A,0.25009432
temeka,Y,heaven,A,0.08568131
temeka,Y,loyal,A,0.11789269
temeka,Y,pleasure,A,0.084702365
temeka,Y,diamond,A,0.084319025
temeka,Y,gentle,A,0.14146212
temeka,Y,honest,A,0.14816184
temeka,Y,lucky,A,0.12422797
temeka,Y,rainbow,A,0.16908589
temeka,Y,diploma,A,0.1857339
temeka,Y,gift,A,0.19430748
temeka,Y,honor,A,0.17258087
temeka,Y,miracle,A,0.13003537
temeka,Y,sunrise,A,0.103882894
temeka,Y,family,A,0.21348478
temeka,Y,happy,A,0.19419163
temeka,Y,laughter,A,0.16479753
temeka,Y,paradise,A,-0.012595972
temeka,Y,vacation,A,0.056160152
temeka,Y,abuse,B,0.07600577
temeka,Y,crash,B,0.038985305
temeka,Y,filth,B,0.023941467
temeka,Y,murder,B,0.13012236
temeka,Y,sickness,B,0.09345762
temeka,Y,accident,B,0.0636273
temeka,Y,death,B,0.14989504
temeka,Y,grief,B,0.16524804
temeka,Y,poison,B,0.1281319
temeka,Y,stink,B,0.03485358
temeka,Y,assault,B,0.13385205
temeka,Y,disaster,B,0.024344698
temeka,Y,hatred,B,0.0517373
temeka,Y,pollute,B,0.017110316
temeka,Y,tragedy,B,0.09951588
temeka,Y,divorce,B,0.0757788
temeka,Y,jail,B,0.16515383
temeka,Y,poverty,B,0.07670263
temeka,Y,ugly,B,0.017012436
temeka,Y,cancer,B,0.12405557
temeka,Y,kill,B,0.21285625
temeka,Y,rotten,B,-0.02177967
temeka,Y,vomit,B,0.10241574
temeka,Y,agony,B,0.123657815
temeka,Y,prison,B,0.17914303
ebony,Y,caress,A,0.34858355
ebony,Y,freedom,A,0.011699289
ebony,Y,health,A,-0.008628151
ebony,Y,love,A,0.09382618
ebony,Y,peace,A,0.04771592
ebony,Y,cheer,A,-0.042717926
ebony,Y,friend,A,0.08594236
ebony,Y,heaven,A,0.13459088
ebony,Y,loyal,A,0.10008089
ebony,Y,pleasure,A,0.16124083
ebony,Y,diamond,A,0.29329005
ebony,Y,gentle,A,0.20131764
ebony,Y,honest,A,0.0767954
ebony,Y,lucky,A,0.090266846
ebony,Y,rainbow,A,0.21458818
ebony,Y,diploma,A,0.07435724
ebony,Y,gift,A,0.22555268
ebony,Y,honor,A,0.13794798
ebony,Y,miracle,A,0.05938761
ebony,Y,sunrise,A,0.1625965
ebony,Y,family,A,0.018005563
ebony,Y,happy,A,0.01716159
ebony,Y,laughter,A,0.032961927
ebony,Y,paradise,A,0.1393441
ebony,Y,vacation,A,0.042752907
ebony,Y,abuse,B,0.01865742
ebony,Y,crash,B,0.021471908
ebony,Y,filth,B,0.085932255
ebony,Y,murder,B,0.07363211
ebony,Y,sickness,B,0.05460811
ebony,Y,accident,B,0.004979459
ebony,Y,death,B,0.11049895
ebony,Y,grief,B,0.03911534
ebony,Y,poison,B,0.06259664
ebony,Y,stink,B,0.01641032
ebony,Y,assault,B,0.08036646
ebony,Y,disaster,B,0.028621819
ebony,Y,hatred,B,0.074102685
ebony,Y,pollute,B,-0.018694408
ebony,Y,tragedy,B,0.053130854
ebony,Y,divorce,B,0.04032392
ebony,Y,jail,B,0.060787942
ebony,Y,poverty,B,0.06626621
ebony,Y,ugly,B,0.11667212
ebony,Y,cancer,B,-0.0005829263
ebony,Y,kill,B,0.0667644
ebony,Y,rotten,B,0.039710104
ebony,Y,vomit,B,0.06207438
ebony,Y,agony,B,0.10505056
ebony,Y,prison,B,0.08514369
latisha,Y,caress,A,0.08211842
latisha,Y,freedom,A,0.062445242
latisha,Y,health,A,0.029448252
latisha,Y,love,A,0.10395993
latisha,Y,peace,A,0.081238285
latisha,Y,cheer,A,0.08124029
latisha,Y,friend,A,0.16033573
latisha,Y,heaven,A,0.07209666
latisha,Y,loyal,A,-0.018871572
latisha,Y,pleasure,A,-0.006914261
latisha,Y,diamond,A,-0.023098037
latisha,Y,gentle,A,0.03894344
latisha,Y,honest,A,0.012298601
latisha,Y,lucky,A,0.06386344
latisha,Y,rainbow,A,0.07485176
latisha,Y,diploma,A,0.15086864
latisha,Y,gift,A,0.06555926
latisha,Y,honor,A,0.05518475
latisha,Y,miracle,A,0.122686796
latisha,Y,sunrise,A,0.027177759
latisha,Y,family,A,0.17487317
latisha,Y,happy,A,0.10686505
latisha,Y,laughter,A,0.012218204
latisha,Y,paradise,A,-0.031650517
latisha,Y,vacation,A,0.028059315
latisha,Y,abuse,B,0.087051935
latisha,Y,crash,B,0.11357657
latisha,Y,filth,B,0.0785473
latisha,Y,murder,B,0.276095
latisha,Y,sickness,B,0.07150976
latisha,Y,accident,B,0.123025805
latisha,Y,death,B,0.13192567
latisha,Y,grief,B,0.07292423
latisha,Y,poison,B,0.07837056
latisha,Y,stink,B,0.026097903
latisha,Y,assault,B,0.20269616
latisha,Y,disaster,B,-0.029884879
latisha,Y,hatred,B,0.04274157
latisha,Y,pollute,B,-0.016955124
latisha,Y,tragedy,B,0.07874911
latisha,Y,divorce,B,0.020593213
latisha,Y,jail,B,0.13875628
latisha,Y,poverty,B,0.1540609
latisha,Y,ugly,B,0.039502986
latisha,Y,cancer,B,0.028036026
latisha,Y,kill,B,0.15598966
latisha,Y,rotten,B,-0.039463382
latisha,Y,vomit,B,0.061458275
latisha,Y,agony,B,0.09942855
latisha,Y,prison,B,0.09645235
shaniqua,Y,caress,A,0.052458614
shaniqua,Y,freedom,A,-0.03132901
shaniqua,Y,health,A,0.0040086946
shaniqua,Y,love,A,0.019651322
shaniqua,Y,peace,A,0.026426144
shaniqua,Y,cheer,A,0.033519797
shaniqua,Y,friend,A,0.14213654
shaniqua,Y,heaven,A,0.074635364
shaniqua,Y,loyal,A,-0.011274636
shaniqua,Y,pleasure,A,-0.09800248
shaniqua,Y,diamond,A,0.02820249
shaniqua,Y,gentle,A,0.050124373
shaniqua,Y,honest,A,0.08111906
shaniqua,Y,lucky,A,-0.0021793258
shaniqua,Y,rainbow,A,0.07278565
shaniqua,Y,diploma,A,0.1493274
shaniqua,Y,gift,A,0.032555148
shaniqua,Y,honor,A,0.0142871
shaniqua,Y,miracle,A,0.01332863
shaniqua,Y,sunrise,A,-0.013899491
shaniqua,Y,family,A,0.14335428
shaniqua,Y,happy,A,0.094117835
shaniqua,Y,laughter,A,-0.0074813957
shaniqua,Y,paradise,A,-0.025283828
shaniqua,Y,vacation,A,0.008436875
shaniqua,Y,abuse,B,0.08185806
shaniqua,Y,crash,B,0.03622054
shaniqua,Y,filth,B,0.10973185
shaniqua,Y,murder,B,0.19513904
shaniqua,Y,sickness,B,0.097704545
shaniqua,Y,accident,B,0.035060838
shaniqua,Y,death,B,0.14799249
shaniqua,Y,grief,B,0.10156038
shaniqua,Y,poison,B,0.103266045
shaniqua,Y,stink,B,0.1622519
shaniqua,Y,assault,B,0.1697389
shaniqua,Y,disaster,B,-0.001774541
shaniqua,Y,hatred,B,0.07973663
shaniqua,Y,pollute,B,0.007245972
shaniqua,Y,tragedy,B,0.06603423
shaniqua,Y,divorce,B,0.1539386
shaniqua,Y,jail,B,0.15373683
shaniqua,Y,poverty,B,0.11329758
shaniqua,Y,ugly,B,0.15487215
shaniqua,Y,cancer,B,0.019592524
shaniqua,Y,kill,B,0.24834497
shaniqua,Y,rotten,B,0.086504176
shaniqua,Y,vomit,B,0.16046232
shaniqua,Y,agony,B,0.10726769
shaniqua,Y,prison,B,0.13166662
tameisha,Y,caress,A,0.095710345
tameisha,Y,freedom,A,0.039042033
tameisha,Y,health,A,0.07228873
tameisha,Y,love,A,0.05961185
tameisha,Y,peace,A,0.09514445
tameisha,Y,cheer,A,0.11902745
tameisha,Y,friend,A,0.25662383
tameisha,Y,heaven,A,0.06722172
tameisha,Y,loyal,A,0.037186943
tameisha,Y,pleasure,A,-0.02585449
tameisha,Y,diamond,A,0.06497714
tameisha,Y,gentle,A,0.08530376
tameisha,Y,honest,A,0.059731435
tameisha,Y,lucky,A,0.13957249
tameisha,Y,rainbow,A,0.08146231
tameisha,Y,diploma,A,0.13550793
tameisha,Y,gift,A,0.15917738
tameisha,Y,honor,A,0.20610459
tameisha,Y,miracle,A,0.082094684
tameisha,Y,sunrise,A,0.07181742
tameisha,Y,family,A,0.2448594
tameisha,Y,happy,A,0.1685781
tameisha,Y,laughter,A,0.09227589
tameisha,Y,paradise,A,-0.040447395
tameisha,Y,vacation,A,0.093038976
tameisha,Y,abuse,B,0.14926682
tameisha,Y,crash,B,0.11603894
tameisha,Y,filth,B,0.025178112
tameisha,Y,murder,B,0.22769722
tameisha,Y,sickness,B,0.090314925
tameisha,Y,accident,B,0.1195027
tameisha,Y,death,B,0.17751868
tameisha,Y,grief,B,0.15125883
tameisha,Y,poison,B,0.027643684
tameisha,Y,stink,B,0.01701593
tameisha,Y,assault,B,0.21765132
tameisha,Y,disaster,B,0.02541213
tameisha,Y,hatred,B,0.04209339
tameisha,Y,pollute,B,0.018031392
tameisha,Y,tragedy,B,0.06984754
tameisha,Y,divorce,B,0.09947135
tameisha,Y,jail,B,0.20598187
tameisha,Y,poverty,B,0.10721019
tameisha,Y,ugly,B,0.059608437
tameisha,Y,cancer,B,0.13401887
tameisha,Y,kill,B,0.21421035
tameisha,Y,rotten,B,-0.030230518
tameisha,Y,vomit,B,0.11861924
tameisha,Y,agony,B,0.114862785
tameisha,Y,prison,B,0.23677452
jasmine,Y,caress,A,0.24872579
jasmine,Y,freedom,A,0.14724967
jasmine,Y,health,A,0.07252827
jasmine,Y,love,A,0.17759362
jasmine,Y,peace,A,0.15290973
jasmine,Y,cheer,A,0.026260167
jasmine,Y,friend,A,0.14357623
jasmine,Y,heaven,A,0.23036326
jasmine,Y,loyal,A,0.106312074
jasmine,Y,pleasure,A,0.11039999
jasmine,Y,diamond,A,0.11549974
jasmine,Y,gentle,A,0.21825969
jasmine,Y,honest,A,-0.044334494
jasmine,Y,lucky,A,0.09835395
jasmine,Y,rainbow,A,0.20823164
jasmine,Y,diploma,A,0.052995596
jasmine,Y,gift,A,0.120504655
jasmine,Y,honor,A,0.08120496
jasmine,Y,miracle,A,0.14334618
jasmine,Y,sunrise,A,0.15860768
jasmine,Y,family,A,0.062536635
jasmine,Y,happy,A,0.004945418
jasmine,Y,laughter,A,0.07354798
jasmine,Y,paradise,A,0.2512624
jasmine,Y,vacation,A,0.14474264
jasmine,Y,abuse,B,0.051922347
jasmine,Y,crash,B,-0.00777955
jasmine,Y,filth,B,0.1108516
jasmine,Y,murder,B,0.052132174
jasmine,Y,sickness,B,0.18366003
jasmine,Y,accident,B,0.013860917
jasmine,Y,death,B,0.07697759
jasmine,Y,grief,B,0.119406365
jasmine,Y,poison,B,0.17660333
jasmine,Y,stink,B,0.10248643
jasmine,Y,assault,B,0.09570507
jasmine,Y,disaster,B,0.046878975
jasmine,Y,hatred,B,0.09449038
jasmine,Y,pollute,B,0.023299528
jasmine,Y,tragedy,B,0.06854279
jasmine,Y,divorce,B,0.04866703
jasmine,Y,jail,B,0.10599512
jasmine,Y,poverty,B,0.014041782
jasmine,Y,ugly,B,-0.0010622912
jasmine,Y,cancer,B,0.080111556
jasmine,Y,kill,B,0.07517649
jasmine,Y,rotten,B,0.08404744
jasmine,Y,vomit,B,0.13603687
jasmine,Y,agony,B,0.13706686
jasmine,Y,prison,B,0.048106235
latonya,Y,caress,A,0.08810449
latonya,Y,freedom,A,0.056767523
latonya,Y,health,A,0.054306954
latonya,Y,love,A,0.06522681
latonya,Y,peace,A,0.15184462
latonya,Y,cheer,A,0.03152509
latonya,Y,friend,A,0.15411846
latonya,Y,heaven,A,0.08954751
latonya,Y,loyal,A,-0.056005124
latonya,Y,pleasure,A,-0.064562276
latonya,Y,diamond,A,0.006034112
latonya,Y,gentle,A,0.06845435
latonya,Y,honest,A,0.08047102
latonya,Y,lucky,A,0.05921997
latonya,Y,rainbow,A,0.062614195
latonya,Y,diploma,A,0.14815436
latonya,Y,gift,A,0.03701622
latonya,Y,honor,A,0.04744046
latonya,Y,miracle,A,0.122488186
latonya,Y,sunrise,A,0.059303623
latonya,Y,family,A,0.17556536
latonya,Y,happy,A,0.07874862
latonya,Y,laughter,A,0.035392735
latonya,Y,paradise,A,0.000618593
latonya,Y,vacation,A,0.072219715
latonya,Y,abuse,B,0.12398778
latonya,Y,crash,B,0.071137376
latonya,Y,filth,B,0.12546803
latonya,Y,murder,B,0.21360381
latonya,Y,sickness,B,0.10149788
latonya,Y,accident,B,0.12703076
latonya,Y,death,B,0.15505548
latonya,Y,grief,B,0.099575855
latonya,Y,poison,B,0.06588923
latonya,Y,stink,B,0.08259189
latonya,Y,assault,B,0.18772818
latonya,Y,disaster,B,0.018449886
latonya,Y,hatred,B,0.08142129
latonya,Y,pollute,B,0.042957928
latonya,Y,tragedy,B,0.07140197
latonya,Y,divorce,B,0.07807759
latonya,Y,jail,B,0.12558185
latonya,Y,poverty,B,0.19393958
latonya,Y,ugly,B,0.09050292
latonya,Y,cancer,B,0.064465016
latonya,Y,kill,B,0.14757212
latonya,Y,rotten,B,0.06359871
latonya,Y,vomit,B,0.1006891
latonya,Y,agony,B,0.066863276
latonya,Y,prison,B,0.14116839
shanise,Y,caress,A,0.15161403
shanise,Y,freedom,A,0.030129777
shanise,Y,health,A,0.08035805
shanise,Y,love,A,0.13424788
shanise,Y,peace,A,0.014860971
shanise,Y,cheer,A,0.06191978
shanise,Y,friend,A,0.19110677
shanise,Y,heaven,A,-0.016792713
shanise,Y,loyal,A,0.04930715
shanise,Y,pleasure,A,0.05336591
shanise,Y,diamond,A,-0.0016276203
shanise,Y,gentle,A,0.115747035
shanise,Y,honest,A,0.038757365
shanise,Y,lucky,A,0.08147191
shanise,Y,rainbow,A,0.14404924
shanise,Y,diploma,A,0.14082308
shanise,Y,gift,A,0.075438865
shanise,Y,honor,A,0.09242433
shanise,Y,miracle,A,0.027309624
shanise,Y,sunrise,A,0.03410667
shanise,Y,family,A,0.12634173
shanise,Y,happy,A,0.08048683
shanise,Y,laughter,A,0.04975956
shanise,Y,paradise,A,-0.055728834
shanise,Y,vacation,A,-0.02826723
shanise,Y,abuse,B,0.07656437
shanise,Y,crash,B,0.007554382
shanise,Y,filth,B,-0.039220955
shanise,Y,murder,B,0.19653918
shanise,Y,sickness,B,0.052728552
shanise,Y,accident,B,0.050092354
shanise,Y,death,B,0.13135071
shanise,Y,grief,B,0.032480735
shanise,Y,poison,B,0.050542712
shanise,Y,stink,B,-0.027057733
shanise,Y,assault,B,0.2403372
shanise,Y,disaster,B,-0.04716901
shanise,Y,hatred,B,0.058317345
shanise,Y,pollute,B,-0.033280756
shanise,Y,tragedy,B,0.02913467
shanise,Y,divorce,B,0.03788147
shanise,Y,jail,B,0.18240122
shanise,Y,poverty,B,0.050013274
shanise,Y,ugly,B,0.043259274
shanise,Y,cancer,B,0.07622335
shanise,Y,kill,B,0.14571653
shanise,Y,rotten,B,-0.0014325574
shanise,Y,vomit,B,0.06790111
shanise,Y,agony,B,0.058444165
shanise,Y,prison,B,0.17392139
tanisha,Y,caress,A,0.090341784
tanisha,Y,freedom,A,0.1108395
tanisha,Y,health,A,0.012092586
tanisha,Y,love,A,0.16541103
tanisha,Y,peace,A,0.08024375
tanisha,Y,cheer,A,0.114091836
tanisha,Y,friend,A,0.23469631
tanisha,Y,heaven,A,0.053005666
tanisha,Y,loyal,A,-0.077468984
tanisha,Y,pleasure,A,0.026521686
tanisha,Y,diamond,A,0.043151345
tanisha,Y,gentle,A,0.053882595
tanisha,Y,honest,A,0.004136767
tanisha,Y,lucky,A,0.076178804
tanisha,Y,rainbow,A,0.117967
tanisha,Y,diploma,A,0.0951017
tanisha,Y,gift,A,0.060213573
tanisha,Y,honor,A,0.07593672
tanisha,Y,miracle,A,-0.004407482
tanisha,Y,sunrise,A,0.07099077
tanisha,Y,family,A,0.19015376
tanisha,Y,happy,A,0.14515749
tanisha,Y,laughter,A,0.06331893
tanisha,Y,paradise,A,0.031713016
tanisha,Y,vacation,A,0.07621369
tanisha,Y,abuse,B,0.008083688
tanisha,Y,crash,B,0.081962354
tanisha,Y,filth,B,0.031670604
tanisha,Y,murder,B,0.20812462
tanisha,Y,sickness,B,-0.009180076
tanisha,Y,accident,B,0.1232121
tanisha,Y,death,B,0.097416595
tanisha,Y,grief,B,0.11693078
tanisha,Y,poison,B,0.07380157
tanisha,Y,stink,B,0.01705121
tanisha,Y,assault,B,0.17465888
tanisha,Y,disaster,B,-0.01814715
tanisha,Y,hatred,B,0.05103907
tanisha,Y,pollute,B,-0.031185454
tanisha,Y,tragedy,B,0.12584098
tanisha,Y,divorce,B,0.100744896
tanisha,Y,jail,B,0.09677687
tanisha,Y,poverty,B,0.06546183
tanisha,Y,ugly,B,0.09078743
tanisha,Y,cancer,B,0.05908574
tanisha,Y,kill,B,0.11385509
tanisha,Y,rotten,B,-0.032575667
tanisha,Y,vomit,B,0.06267714
tanisha,Y,agony,B,0.09938483
tanisha,Y,prison,B,0.06740748
tia,Y,caress,A,0.30148655
tia,Y,freedom,A,0.06895138
tia,Y,health,A,0.12580852
tia,Y,love,A,0.2653065
tia,Y,peace,A,0.09298623
tia,Y,cheer,A,0.13248459
tia,Y,friend,A,0.2712491
tia,Y,heaven,A,0.2475754
tia,Y,loyal,A,0.010459195
tia,Y,pleasure,A,0.07338736
tia,Y,diamond,A,0.020139357
tia,Y,gentle,A,0.15117036
tia,Y,honest,A,0.08072509
tia,Y,lucky,A,0.12880903
tia,Y,rainbow,A,0.15911095
tia,Y,diploma,A,0.10181023
tia,Y,gift,A,0.08930919
tia,Y,honor,A,0.011508831
tia,Y,miracle,A,0.16367432
tia,Y,sunrise,A,0.13754423
tia,Y,family,A,0.17486753
tia,Y,happy,A,0.13905153
tia,Y,laughter,A,0.15398568
tia,Y,paradise,A,0.1775222
tia,Y,vacation,A,0.14033116
tia,Y,abuse,B,0.105807975
tia,Y,crash,B,0.09247072
tia,Y,filth,B,0.09014779
tia,Y,murder,B,0.17672724
tia,Y,sickness,B,0.15918729
tia,Y,accident,B,0.109636106
tia,Y,death,B,0.13802777
tia,Y,grief,B,0.13264512
tia,Y,poison,B,0.10292228
tia,Y,stink,B,0.11441659
tia,Y,assault,B,0.059126675
tia,Y,disaster,B,0.04975897
tia,Y,hatred,B,0.08516363
tia,Y,pollute,B,0.13868718
tia,Y,tragedy,B,0.11532398
tia,Y,divorce,B,0.16272865
tia,Y,jail,B,0.12371846
tia,Y,poverty,B,0.08168622
tia,Y,ugly,B,0.09621225
tia,Y,cancer,B,0.11719466
tia,Y,kill,B,0.13396956
tia,Y,rotten,B,0.12927563
tia,Y,vomit,B,0.20043787
tia,Y,agony,B,0.14617097
tia,Y,prison,B,0.08858249
lakisha,Y,caress,A,0.118089706
lakisha,Y,freedom,A,0.033982165
lakisha,Y,health,A,0.033969067
lakisha,Y,love,A,0.16351435
lakisha,Y,peace,A,0.116393745
lakisha,Y,cheer,A,0.093073964
lakisha,Y,friend,A,0.15547739
lakisha,Y,heaven,A,0.12431444
lakisha,Y,loyal,A,0.006416282
lakisha,Y,pleasure,A,0.037388075
lakisha,Y,diamond,A,-0.007212898
lakisha,Y,gentle,A,0.10333697
lakisha,Y,honest,A,0.13426094
lakisha,Y,lucky,A,0.23599172
lakisha,Y,rainbow,A,0.09272421
lakisha,Y,diploma,A,0.168213
lakisha,Y,gift,A,0.0937925
lakisha,Y,honor,A,0.033632956
lakisha,Y,miracle,A,0.10418503
lakisha,Y,sunrise,A,0.056682825
lakisha,Y,family,A,0.06056959
lakisha,Y,happy,A,0.16785531
lakisha,Y,laughter,A,0.06637544
lakisha,Y,paradise,A,0.02642489
lakisha,Y,vacation,A,0.02338691
lakisha,Y,abuse,B,0.112181604
lakisha,Y,crash,B,0.05851272
lakisha,Y,filth,B,0.013448021
lakisha,Y,murder,B,0.16746497
lakisha,Y,sickness,B,0.079828955
lakisha,Y,accident,B,0.08142273
lakisha,Y,death,B,0.08477171
lakisha,Y,grief,B,0.07575859
lakisha,Y,poison,B,0.041773383
lakisha,Y,stink,B,0.021858148
lakisha,Y,assault,B,0.1337363
lakisha,Y,disaster,B,0.03395817
lakisha,Y,hatred,B,0.06767444
lakisha,Y,pollute,B,-0.02666435
lakisha,Y,tragedy,B,0.072785296
lakisha,Y,divorce,B,0.09803823
lakisha,Y,jail,B,0.14304332
lakisha,Y,poverty,B,0.2157384
lakisha,Y,ugly,B,0.12608103
lakisha,Y,cancer,B,0.055458177
lakisha,Y,kill,B,0.089215346
lakisha,Y,rotten,B,0.09237505
lakisha,Y,vomit,B,0.10310399
lakisha,Y,agony,B,0.07297647
lakisha,Y,prison,B,0.12050781
latoya,Y,caress,A,0.06605782
latoya,Y,freedom,A,0.047482334
latoya,Y,health,A,0.048022684
latoya,Y,love,A,0.0824363
latoya,Y,peace,A,0.047960415
latoya,Y,cheer,A,0.04608335
latoya,Y,friend,A,0.17587459
latoya,Y,heaven,A,0.030341774
latoya,Y,loyal,A,-0.04923765
latoya,Y,pleasure,A,-0.04921628
latoya,Y,diamond,A,-0.008448875
latoya,Y,gentle,A,0.053486355
latoya,Y,honest,A,0.061054375
latoya,Y,lucky,A,0.011896434
latoya,Y,rainbow,A,0.1088017
latoya,Y,diploma,A,0.14413439
latoya,Y,gift,A,0.012665081
latoya,Y,honor,A,-0.013872491
latoya,Y,miracle,A,0.018474208
latoya,Y,sunrise,A,0.01886741
latoya,Y,family,A,0.11014761
latoya,Y,happy,A,0.05769092
latoya,Y,laughter,A,0.081851736
latoya,Y,paradise,A,-0.037160397
latoya,Y,vacation,A,0.044717077
latoya,Y,abuse,B,0.057578236
latoya,Y,crash,B,0.09168042
latoya,Y,filth,B,0.10792657
latoya,Y,murder,B,0.18050598
latoya,Y,sickness,B,0.10496401
latoya,Y,accident,B,0.10565468
latoya,Y,death,B,0.13601725
latoya,Y,grief,B,0.077501245
latoya,Y,poison,B,0.04712257
latoya,Y,stink,B,0.01154377
latoya,Y,assault,B,0.18996179
latoya,Y,disaster,B,0.047721863
latoya,Y,hatred,B,0.08466106
latoya,Y,pollute,B,0.0008868165
latoya,Y,tragedy,B,0.05754395
latoya,Y,divorce,B,0.050394114
latoya,Y,jail,B,0.13618883
latoya,Y,poverty,B,0.16849624
latoya,Y,ugly,B,0.12642308
latoya,Y,cancer,B,0.032549743
latoya,Y,kill,B,0.13801795
latoya,Y,rotten,B,0.042688586
latoya,Y,vomit,B,0.11661935
latoya,Y,agony,B,0.09622478
latoya,Y,prison,B,0.12572905
sharise,Y,caress,A,0.089531295
sharise,Y,freedom,A,-0.08073985
sharise,Y,health,A,0.09461689
sharise,Y,love,A,0.07836689
sharise,Y,peace,A,-0.04608738
sharise,Y,cheer,A,0.10873941
sharise,Y,friend,A,0.25329274
sharise,Y,heaven,A,-0.012185051
sharise,Y,loyal,A,-0.0058621657
sharise,Y,pleasure,A,0.0027029433
sharise,Y,diamond,A,0.0029969758
sharise,Y,gentle,A,0.14117464
sharise,Y,honest,A,0.08004988
sharise,Y,lucky,A,0.11084933
sharise,Y,rainbow,A,0.12755129
sharise,Y,diploma,A,0.13639186
sharise,Y,gift,A,0.048171666
sharise,Y,honor,A,0.063199274
sharise,Y,miracle,A,0.07475513
sharise,Y,sunrise,A,0.084744856
sharise,Y,family,A,0.25214264
sharise,Y,happy,A,0.13355099
sharise,Y,laughter,A,0.15215714
sharise,Y,paradise,A,-0.034205027
sharise,Y,vacation,A,0.013641241
sharise,Y,abuse,B,0.11777111
sharise,Y,crash,B,0.15461743
sharise,Y,filth,B,-0.042427827
sharise,Y,murder,B,0.17466561
sharise,Y,sickness,B,0.12351739
sharise,Y,accident,B,0.20550555
sharise,Y,death,B,0.18482488
sharise,Y,grief,B,0.22054611
sharise,Y,poison,B,0.05233808
sharise,Y,stink,B,-0.03637962
sharise,Y,assault,B,0.1171756
sharise,Y,disaster,B,0.0071203904
sharise,Y,hatred,B,0.008520752
sharise,Y,pollute,B,-0.050622042
sharise,Y,tragedy,B,0.18429622
sharise,Y,divorce,B,0.1011953
sharise,Y,jail,B,0.12742148
sharise,Y,poverty,B,0.038203508
sharise,Y,ugly,B,0.023156658
sharise,Y,cancer,B,0.16561994
sharise,Y,kill,B,0.07223059
sharise,Y,rotten,B,-0.07702154
sharise,Y,vomit,B,0.11771383
sharise,Y,agony,B,0.16817157
sharise,Y,prison,B,0.11552391
tashika,Y,caress,A,0.008638328
tashika,Y,freedom,A,0.06840247
tashika,Y,health,A,-0.01710893
tashika,Y,love,A,0.09798896
tashika,Y,peace,A,0.04776547
tashika,Y,cheer,A,0.029325575
tashika,Y,friend,A,0.2034045
tashika,Y,heaven,A,0.021619871
tashika,Y,loyal,A,0.0107245315
tashika,Y,pleasure,A,0.0057006422
tashika,Y,diamond,A,0.057552893
tashika,Y,gentle,A,0.059156634
tashika,Y,honest,A,0.029167116
tashika,Y,lucky,A,0.01858815
tashika,Y,rainbow,A,0.030578565
tashika,Y,diploma,A,0.12406151
tashika,Y,gift,A,0.09564571
tashika,Y,honor,A,0.12180362
tashika,Y,miracle,A,0.036226373
tashika,Y,sunrise,A,0.049369317
tashika,Y,family,A,0.18886447
tashika,Y,happy,A,0.07748859
tashika,Y,laughter,A,0.083159834
tashika,Y,paradise,A,-0.0017330151
tashika,Y,vacation,A,0.028282337
tashika,Y,abuse,B,0.09110989
tashika,Y,crash,B,0.14259528
tashika,Y,filth,B,0.027330296
tashika,Y,murder,B,0.28285402
tashika,Y,sickness,B,0.030396704
tashika,Y,accident,B,0.1475386
tashika,Y,death,B,0.25385457
tashika,Y,grief,B,0.13408573
tashika,Y,poison,B,0.043594223
tashika,Y,stink,B,-0.015528555
tashika,Y,assault,B,0.21274368
tashika,Y,disaster,B,-0.026222652
tashika,Y,hatred,B,0.087288454
tashika,Y,pollute,B,-0.045005567
tashika,Y,tragedy,B,0.11637462
tashika,Y,divorce,B,0.07597251
tashika,Y,jail,B,0.139942
tashika,Y,poverty,B,0.064190425
tashika,Y,ugly,B,0.019630766
tashika,Y,cancer,B,0.09263273
tashika,Y,kill,B,0.17854114
tashika,Y,rotten,B,-0.07954395
tashika,Y,vomit,B,0.04442726
tashika,Y,agony,B,0.114059545
tashika,Y,prison,B,0.14568675
yolanda,Y,caress,A,0.06607934
yolanda,Y,freedom,A,0.12643763
yolanda,Y,health,A,0.0973774
yolanda,Y,love,A,0.09581057
yolanda,Y,peace,A,0.13525811
yolanda,Y,cheer,A,0.07234182
yolanda,Y,friend,A,0.12906356
yolanda,Y,heaven,A,0.052815817
yolanda,Y,loyal,A,0.032603446
yolanda,Y,pleasure,A,-0.059609503
yolanda,Y,diamond,A,-0.018593838
yolanda,Y,gentle,A,0.08014208
yolanda,Y,honest,A,0.038367953
yolanda,Y,lucky,A,0.07696925
yolanda,Y,rainbow,A,0.10047787
yolanda,Y,diploma,A,0.13319086
yolanda,Y,gift,A,0.08922027
yolanda,Y,honor,A,0.081066266
yolanda,Y,miracle,A,0.068424076
yolanda,Y,sunrise,A,0.031608086
yolanda,Y,family,A,0.17800052
yolanda,Y,happy,A,0.10770045
yolanda,Y,laughter,A,0.067462556
yolanda,Y,paradise,A,0.01932186
yolanda,Y,vacation,A,0.061311483
yolanda,Y,abuse,B,0.07355052
yolanda,Y,crash,B,0.035630994
yolanda,Y,filth,B,0.036823668
yolanda,Y,murder,B,0.09557492
yolanda,Y,sickness,B,0.02087686
yolanda,Y,accident,B,0.036642443
yolanda,Y,death,B,0.12947127
yolanda,Y,grief,B,0.119730376
yolanda,Y,poison,B,0.019964611
yolanda,Y,stink,B,-0.0015574555
yolanda,Y,assault,B,0.07784665
yolanda,Y,disaster,B,-0.019907577
yolanda,Y,hatred,B,0.041699514
yolanda,Y,pollute,B,-0.0046994365
yolanda,Y,tragedy,B,0.08349938
yolanda,Y,divorce,B,0.027900163
yolanda,Y,jail,B,0.14287545
yolanda,Y,poverty,B,0.15921189
yolanda,Y,ugly,B,0.03825303
yolanda,Y,cancer,B,0.052890643
yolanda,Y,kill,B,0.08061142
yolanda,Y,rotten,B,0.011404129
yolanda,Y,vomit,B,0.07631439
yolanda,Y,agony,B,0.08725774
yolanda,Y,prison,B,0.11305655
lashandra,Y,caress,A,0.056634273
lashandra,Y,freedom,A,-0.019367496
lashandra,Y,health,A,0.043641005
lashandra,Y,love,A,0.10398243
lashandra,Y,peace,A,0.09248601
lashandra,Y,cheer,A,0.1496874
lashandra,Y,friend,A,0.21224646
lashandra,Y,heaven,A,0.025780303
lashandra,Y,loyal,A,0.006442374
lashandra,Y,pleasure,A,-0.044154808
lashandra,Y,diamond,A,0.031419054
lashandra,Y,gentle,A,0.08092745
lashandra,Y,honest,A,0.03732049
lashandra,Y,lucky,A,0.07840056
lashandra,Y,rainbow,A,0.08340282
lashandra,Y,diploma,A,0.12013149
lashandra,Y,gift,A,0.097429715
lashandra,Y,honor,A,0.12171124
lashandra,Y,miracle,A,0.006603345
lashandra,Y,sunrise,A,0.039205607
lashandra,Y,family,A,0.17050603
lashandra,Y,happy,A,0.09958967
lashandra,Y,laughter,A,0.044039957
lashandra,Y,paradise,A,-0.0014079325
lashandra,Y,vacation,A,0.014620384
lashandra,Y,abuse,B,0.12244202
lashandra,Y,crash,B,0.06436046
lashandra,Y,filth,B,0.06564171
lashandra,Y,murder,B,0.27298582
lashandra,Y,sickness,B,-0.02277494
lashandra,Y,accident,B,0.104512386
lashandra,Y,death,B,0.18562332
lashandra,Y,grief,B,0.08042281
lashandra,Y,poison,B,0.06181814
lashandra,Y,stink,B,-0.014508738
lashandra,Y,assault,B,0.20936769
lashandra,Y,disaster,B,-0.038229775
lashandra,Y,hatred,B,0.015445472
lashandra,Y,pollute,B,-0.044275794
lashandra,Y,tragedy,B,0.056957763
lashandra,Y,divorce,B,0.10258334
lashandra,Y,jail,B,0.17831719
lashandra,Y,poverty,B,0.0740748
lashandra,Y,ugly,B,0.03241762
lashandra,Y,cancer,B,0.10112983
lashandra,Y,kill,B,0.09916984
lashandra,Y,rotten,B,-0.018205505
lashandra,Y,vomit,B,0.07255375
lashandra,Y,agony,B,0.00023780478
lashandra,Y,prison,B,0.17838274
malika,Y,caress,A,0.045955565
malika,Y,freedom,A,0.100379065
malika,Y,health,A,0.09162095
malika,Y,love,A,0.11855196
malika,Y,peace,A,0.11188676
malika,Y,cheer,A,0.03225224
malika,Y,friend,A,0.18736106
malika,Y,heaven,A,0.027049987
malika,Y,loyal,A,0.046015322
malika,Y,pleasure,A,-0.034744065
malika,Y,diamond,A,0.1053811
malika,Y,gentle,A,0.03448205
malika,Y,honest,A,-0.039288007
malika,Y,lucky,A,0.106617935
malika,Y,rainbow,A,0.01851043
malika,Y,diploma,A,0.0975433
malika,Y,gift,A,0.020488055
malika,Y,honor,A,0.058072947
malika,Y,miracle,A,0.03466289
malika,Y,sunrise,A,-0.016122174
malika,Y,family,A,0.16275086
malika,Y,happy,A,0.081476495
malika,Y,laughter,A,0.028697148
malika,Y,paradise,A,0.07773113
malika,Y,vacation,A,0.05760228
malika,Y,abuse,B,-0.011974957
malika,Y,crash,B,0.020125441
malika,Y,filth,B,0.03377531
malika,Y,murder,B,0.18575981
malika,Y,sickness,B,0.040609997
malika,Y,accident,B,0.031312607
malika,Y,death,B,0.112935536
malika,Y,grief,B,-0.004536451
malika,Y,poison,B,0.091807224
malika,Y,stink,B,-0.01423727
malika,Y,assault,B,0.12060466
malika,Y,disaster,B,-0.015203185
malika,Y,hatred,B,0.069181755
malika,Y,pollute,B,0.0069036204
malika,Y,tragedy,B,0.0822115
malika,Y,divorce,B,0.093402006
malika,Y,jail,B,0.13709718
malika,Y,poverty,B,0.15397534
malika,Y,ugly,B,0.06647637
malika,Y,cancer,B,0.026205478
malika,Y,kill,B,0.10360467
malika,Y,rotten,B,0.02560903
malika,Y,vomit,B,0.015545287
malika,Y,agony,B,0.042312786
malika,Y,prison,B,0.0718788
tawanda,Y,caress,A,0.098428056
tawanda,Y,freedom,A,0.08791099
tawanda,Y,health,A,0.055174384
tawanda,Y,love,A,0.052679148
tawanda,Y,peace,A,0.09569147
tawanda,Y,cheer,A,-0.03083106
tawanda,Y,friend,A,0.14480369
tawanda,Y,heaven,A,0.09910638
tawanda,Y,loyal,A,0.07390775
tawanda,Y,pleasure,A,-0.012484504
tawanda,Y,diamond,A,0.10102108
tawanda,Y,gentle,A,0.12829682
tawanda,Y,honest,A,0.11786574
tawanda,Y,lucky,A,0.08273225
tawanda,Y,rainbow,A,0.08581642
tawanda,Y,diploma,A,0.07502893
tawanda,Y,gift,A,0.026858078
tawanda,Y,honor,A,0.06839262
tawanda,Y,miracle,A,0.066609204
tawanda,Y,sunrise,A,0.02953075
tawanda,Y,family,A,0.104763955
tawanda,Y,happy,A,0.07187514
tawanda,Y,laughter,A,0.033722248
tawanda,Y,paradise,A,0.051578544
tawanda,Y,vacation,A,-0.04262337
tawanda,Y,abuse,B,0.09238957
tawanda,Y,crash,B,0.054861207
tawanda,Y,filth,B,0.053661514
tawanda,Y,murder,B,0.17182131
tawanda,Y,sickness,B,0.057790507
tawanda,Y,accident,B,0.05958549
tawanda,Y,death,B,0.13989103
tawanda,Y,grief,B,0.10375039
tawanda,Y,poison,B,0.040115196
tawanda,Y,stink,B,-0.05155353
tawanda,Y,assault,B,0.101344444
tawanda,Y,disaster,B,-0.01048238
tawanda,Y,hatred,B,0.028902628
tawanda,Y,pollute,B,-0.07035131
tawanda,Y,tragedy,B,0.07330045
tawanda,Y,divorce,B,0.10509852
tawanda,Y,jail,B,0.13116144
tawanda,Y,poverty,B,0.14642256
tawanda,Y,ugly,B,0.030112848
tawanda,Y,cancer,B,0.024656814
tawanda,Y,kill,B,0.08403742
tawanda,Y,rotten,B,0.006765995
tawanda,Y,vomit,B,0.029356867
tawanda,Y,agony,B,0.14295967
tawanda,Y,prison,B,0.1300045
yvette,Y,caress,A,0.10266029
yvette,Y,freedom,A,0.012777541
yvette,Y,health,A,0.059552033
yvette,Y,love,A,0.07325222
yvette,Y,peace,A,0.06281401
yvette,Y,cheer,A,0.045401644
yvette,Y,friend,A,0.19897915
yvette,Y,heaven,A,0.021300236
yvette,Y,loyal,A,0.08702523
yvette,Y,pleasure,A,0.0068860147
yvette,Y,diamond,A,0.016155336
yvette,Y,gentle,A,0.048712768
yvette,Y,honest,A,0.038096268
yvette,Y,lucky,A,0.08892916
yvette,Y,rainbow,A,0.066028
yvette,Y,diploma,A,0.11998042
yvette,Y,gift,A,0.067612514
yvette,Y,honor,A,0.07080114
yvette,Y,miracle,A,0.06476119
yvette,Y,sunrise,A,0.013557872
yvette,Y,family,A,0.19697459
yvette,Y,happy,A,0.11906723
yvette,Y,laughter,A,0.060193677
yvette,Y,paradise,A,0.014230669
yvette,Y,vacation,A,0.080077
yvette,Y,abuse,B,0.035245117
yvette,Y,crash,B,0.074073955
yvette,Y,filth,B,0.022267586
yvette,Y,murder,B,0.11979625
yvette,Y,sickness,B,0.010994811
yvette,Y,accident,B,0.0745695
yvette,Y,death,B,0.07295242
yvette,Y,grief,B,0.111015595
yvette,Y,poison,B,0.017719887
yvette,Y,stink,B,-0.002927504
yvette,Y,assault,B,0.118321516
yvette,Y,disaster,B,0.060702603
yvette,Y,hatred,B,0.06094911
yvette,Y,pollute,B,-0.051696062
yvette,Y,tragedy,B,0.1237205
yvette,Y,divorce,B,0.017668005
yvette,Y,jail,B,0.081679024
yvette,Y,poverty,B,0.11609818
yvette,Y,ugly,B,0.05533049
yvette,Y,cancer,B,0.023168376
yvette,Y,kill,B,0.04982146
yvette,Y,rotten,B,-0.0048142495
yvette,Y,vomit,B,0.07231203
yvette,Y,agony,B,0.072145656
yvette,Y,prison,B,0.07823225
